# Lightning emoji catalogue; Unicode Emoji 17.0; emojis crate 0.8.2
# emoji\tname\taliases\tcategory\tbaseEmoji\ttone
😀	grinning face	grinning	Smileys & Emotion	😀	none
😃	grinning face with big eyes	smiley	Smileys & Emotion	😃	none
😄	grinning face with smiling eyes	smile	Smileys & Emotion	😄	none
😁	beaming face with smiling eyes	grin	Smileys & Emotion	😁	none
😆	grinning squinting face	laughing satisfied	Smileys & Emotion	😆	none
😅	grinning face with sweat	sweat_smile	Smileys & Emotion	😅	none
🤣	rolling on the floor laughing	rofl	Smileys & Emotion	🤣	none
😂	face with tears of joy	joy	Smileys & Emotion	😂	none
🙂	slightly smiling face	slightly_smiling_face	Smileys & Emotion	🙂	none
🙃	upside-down face	upside_down_face	Smileys & Emotion	🙃	none
🫠	melting face	melting_face	Smileys & Emotion	🫠	none
😉	winking face	wink	Smileys & Emotion	😉	none
😊	smiling face with smiling eyes	blush	Smileys & Emotion	😊	none
😇	smiling face with halo	innocent	Smileys & Emotion	😇	none
🥰	smiling face with hearts	smiling_face_with_three_hearts	Smileys & Emotion	🥰	none
😍	smiling face with heart-eyes	heart_eyes	Smileys & Emotion	😍	none
🤩	star-struck	star_struck	Smileys & Emotion	🤩	none
😘	face blowing a kiss	kissing_heart	Smileys & Emotion	😘	none
😗	kissing face	kissing	Smileys & Emotion	😗	none
☺️	smiling face	relaxed	Smileys & Emotion	☺️	none
😚	kissing face with closed eyes	kissing_closed_eyes	Smileys & Emotion	😚	none
😙	kissing face with smiling eyes	kissing_smiling_eyes	Smileys & Emotion	😙	none
🥲	smiling face with tear	smiling_face_with_tear	Smileys & Emotion	🥲	none
😋	face savoring food	yum	Smileys & Emotion	😋	none
😛	face with tongue	stuck_out_tongue	Smileys & Emotion	😛	none
😜	winking face with tongue	stuck_out_tongue_winking_eye	Smileys & Emotion	😜	none
🤪	zany face	zany_face	Smileys & Emotion	🤪	none
😝	squinting face with tongue	stuck_out_tongue_closed_eyes	Smileys & Emotion	😝	none
🤑	money-mouth face	money_mouth_face	Smileys & Emotion	🤑	none
🤗	smiling face with open hands	hugs	Smileys & Emotion	🤗	none
🤭	face with hand over mouth	hand_over_mouth	Smileys & Emotion	🤭	none
🫢	face with open eyes and hand over mouth	face_with_open_eyes_and_hand_over_mouth	Smileys & Emotion	🫢	none
🫣	face with peeking eye	face_with_peeking_eye	Smileys & Emotion	🫣	none
🤫	shushing face	shushing_face	Smileys & Emotion	🤫	none
🤔	thinking face	thinking	Smileys & Emotion	🤔	none
🫡	saluting face	saluting_face	Smileys & Emotion	🫡	none
🤐	zipper-mouth face	zipper_mouth_face	Smileys & Emotion	🤐	none
🤨	face with raised eyebrow	raised_eyebrow	Smileys & Emotion	🤨	none
😐	neutral face	neutral_face	Smileys & Emotion	😐	none
😑	expressionless face	expressionless	Smileys & Emotion	😑	none
😶	face without mouth	no_mouth	Smileys & Emotion	😶	none
🫥	dotted line face	dotted_line_face	Smileys & Emotion	🫥	none
😶‍🌫️	face in clouds	face_in_clouds	Smileys & Emotion	😶‍🌫️	none
😏	smirking face	smirk	Smileys & Emotion	😏	none
😒	unamused face	unamused	Smileys & Emotion	😒	none
🙄	face with rolling eyes	roll_eyes	Smileys & Emotion	🙄	none
😬	grimacing face	grimacing	Smileys & Emotion	😬	none
😮‍💨	face exhaling	face_exhaling	Smileys & Emotion	😮‍💨	none
🤥	lying face	lying_face	Smileys & Emotion	🤥	none
🫨	shaking face	shaking_face	Smileys & Emotion	🫨	none
🙂‍↔️	head shaking horizontally		Smileys & Emotion	🙂‍↔️	none
🙂‍↕️	head shaking vertically		Smileys & Emotion	🙂‍↕️	none
😌	relieved face	relieved	Smileys & Emotion	😌	none
😔	pensive face	pensive	Smileys & Emotion	😔	none
😪	sleepy face	sleepy	Smileys & Emotion	😪	none
🤤	drooling face	drooling_face	Smileys & Emotion	🤤	none
😴	sleeping face	sleeping	Smileys & Emotion	😴	none
🫩	face with bags under eyes		Smileys & Emotion	🫩	none
😷	face with medical mask	mask	Smileys & Emotion	😷	none
🤒	face with thermometer	face_with_thermometer	Smileys & Emotion	🤒	none
🤕	face with head-bandage	face_with_head_bandage	Smileys & Emotion	🤕	none
🤢	nauseated face	nauseated_face	Smileys & Emotion	🤢	none
🤮	face vomiting	vomiting_face	Smileys & Emotion	🤮	none
🤧	sneezing face	sneezing_face	Smileys & Emotion	🤧	none
🥵	hot face	hot_face	Smileys & Emotion	🥵	none
🥶	cold face	cold_face	Smileys & Emotion	🥶	none
🥴	woozy face	woozy_face	Smileys & Emotion	🥴	none
😵	face with crossed-out eyes	dizzy_face	Smileys & Emotion	😵	none
😵‍💫	face with spiral eyes	face_with_spiral_eyes	Smileys & Emotion	😵‍💫	none
🤯	exploding head	exploding_head	Smileys & Emotion	🤯	none
🤠	cowboy hat face	cowboy_hat_face	Smileys & Emotion	🤠	none
🥳	partying face	partying_face	Smileys & Emotion	🥳	none
🥸	disguised face	disguised_face	Smileys & Emotion	🥸	none
😎	smiling face with sunglasses	sunglasses	Smileys & Emotion	😎	none
🤓	nerd face	nerd_face	Smileys & Emotion	🤓	none
🧐	face with monocle	monocle_face	Smileys & Emotion	🧐	none
😕	confused face	confused	Smileys & Emotion	😕	none
🫤	face with diagonal mouth	face_with_diagonal_mouth	Smileys & Emotion	🫤	none
😟	worried face	worried	Smileys & Emotion	😟	none
🙁	slightly frowning face	slightly_frowning_face	Smileys & Emotion	🙁	none
☹️	frowning face	frowning_face	Smileys & Emotion	☹️	none
😮	face with open mouth	open_mouth	Smileys & Emotion	😮	none
😯	hushed face	hushed	Smileys & Emotion	😯	none
😲	astonished face	astonished	Smileys & Emotion	😲	none
😳	flushed face	flushed	Smileys & Emotion	😳	none
🫪	distorted face		Smileys & Emotion	🫪	none
🥺	pleading face	pleading_face	Smileys & Emotion	🥺	none
🥹	face holding back tears	face_holding_back_tears	Smileys & Emotion	🥹	none
😦	frowning face with open mouth	frowning	Smileys & Emotion	😦	none
😧	anguished face	anguished	Smileys & Emotion	😧	none
😨	fearful face	fearful	Smileys & Emotion	😨	none
😰	anxious face with sweat	cold_sweat	Smileys & Emotion	😰	none
😥	sad but relieved face	disappointed_relieved	Smileys & Emotion	😥	none
😢	crying face	cry	Smileys & Emotion	😢	none
😭	loudly crying face	sob	Smileys & Emotion	😭	none
😱	face screaming in fear	scream	Smileys & Emotion	😱	none
😖	confounded face	confounded	Smileys & Emotion	😖	none
😣	persevering face	persevere	Smileys & Emotion	😣	none
😞	disappointed face	disappointed	Smileys & Emotion	😞	none
😓	downcast face with sweat	sweat	Smileys & Emotion	😓	none
😩	weary face	weary	Smileys & Emotion	😩	none
😫	tired face	tired_face	Smileys & Emotion	😫	none
🥱	yawning face	yawning_face	Smileys & Emotion	🥱	none
😤	face with steam from nose	triumph	Smileys & Emotion	😤	none
😡	enraged face	rage pout	Smileys & Emotion	😡	none
😠	angry face	angry	Smileys & Emotion	😠	none
🤬	face with symbols on mouth	cursing_face	Smileys & Emotion	🤬	none
😈	smiling face with horns	smiling_imp	Smileys & Emotion	😈	none
👿	angry face with horns	imp	Smileys & Emotion	👿	none
💀	skull	skull	Smileys & Emotion	💀	none
☠️	skull and crossbones	skull_and_crossbones	Smileys & Emotion	☠️	none
💩	pile of poo	hankey poop shit	Smileys & Emotion	💩	none
🤡	clown face	clown_face	Smileys & Emotion	🤡	none
👹	ogre	japanese_ogre	Smileys & Emotion	👹	none
👺	goblin	japanese_goblin	Smileys & Emotion	👺	none
👻	ghost	ghost	Smileys & Emotion	👻	none
👽	alien	alien	Smileys & Emotion	👽	none
👾	alien monster	space_invader	Smileys & Emotion	👾	none
🤖	robot	robot	Smileys & Emotion	🤖	none
😺	grinning cat	smiley_cat	Smileys & Emotion	😺	none
😸	grinning cat with smiling eyes	smile_cat	Smileys & Emotion	😸	none
😹	cat with tears of joy	joy_cat	Smileys & Emotion	😹	none
😻	smiling cat with heart-eyes	heart_eyes_cat	Smileys & Emotion	😻	none
😼	cat with wry smile	smirk_cat	Smileys & Emotion	😼	none
😽	kissing cat	kissing_cat	Smileys & Emotion	😽	none
🙀	weary cat	scream_cat	Smileys & Emotion	🙀	none
😿	crying cat	crying_cat_face	Smileys & Emotion	😿	none
😾	pouting cat	pouting_cat	Smileys & Emotion	😾	none
🙈	see-no-evil monkey	see_no_evil	Smileys & Emotion	🙈	none
🙉	hear-no-evil monkey	hear_no_evil	Smileys & Emotion	🙉	none
🙊	speak-no-evil monkey	speak_no_evil	Smileys & Emotion	🙊	none
💌	love letter	love_letter	Smileys & Emotion	💌	none
💘	heart with arrow	cupid	Smileys & Emotion	💘	none
💝	heart with ribbon	gift_heart	Smileys & Emotion	💝	none
💖	sparkling heart	sparkling_heart	Smileys & Emotion	💖	none
💗	growing heart	heartpulse	Smileys & Emotion	💗	none
💓	beating heart	heartbeat	Smileys & Emotion	💓	none
💞	revolving hearts	revolving_hearts	Smileys & Emotion	💞	none
💕	two hearts	two_hearts	Smileys & Emotion	💕	none
💟	heart decoration	heart_decoration	Smileys & Emotion	💟	none
❣️	heart exclamation	heavy_heart_exclamation	Smileys & Emotion	❣️	none
💔	broken heart	broken_heart	Smileys & Emotion	💔	none
❤️‍🔥	heart on fire	heart_on_fire	Smileys & Emotion	❤️‍🔥	none
❤️‍🩹	mending heart	mending_heart	Smileys & Emotion	❤️‍🩹	none
❤️	red heart	heart	Smileys & Emotion	❤️	none
🩷	pink heart	pink_heart	Smileys & Emotion	🩷	none
🧡	orange heart	orange_heart	Smileys & Emotion	🧡	none
💛	yellow heart	yellow_heart	Smileys & Emotion	💛	none
💚	green heart	green_heart	Smileys & Emotion	💚	none
💙	blue heart	blue_heart	Smileys & Emotion	💙	none
🩵	light blue heart	light_blue_heart	Smileys & Emotion	🩵	none
💜	purple heart	purple_heart	Smileys & Emotion	💜	none
🤎	brown heart	brown_heart	Smileys & Emotion	🤎	none
🖤	black heart	black_heart	Smileys & Emotion	🖤	none
🩶	grey heart	grey_heart	Smileys & Emotion	🩶	none
🤍	white heart	white_heart	Smileys & Emotion	🤍	none
💋	kiss mark	kiss	Smileys & Emotion	💋	none
💯	hundred points	100	Smileys & Emotion	💯	none
💢	anger symbol	anger	Smileys & Emotion	💢	none
🫯	fight cloud		Smileys & Emotion	🫯	none
💥	collision	boom collision	Smileys & Emotion	💥	none
💫	dizzy	dizzy	Smileys & Emotion	💫	none
💦	sweat droplets	sweat_drops	Smileys & Emotion	💦	none
💨	dashing away	dash	Smileys & Emotion	💨	none
🕳️	hole	hole	Smileys & Emotion	🕳️	none
💬	speech balloon	speech_balloon	Smileys & Emotion	💬	none
👁️‍🗨️	eye in speech bubble	eye_speech_bubble	Smileys & Emotion	👁️‍🗨️	none
🗨️	left speech bubble	left_speech_bubble	Smileys & Emotion	🗨️	none
🗯️	right anger bubble	right_anger_bubble	Smileys & Emotion	🗯️	none
💭	thought balloon	thought_balloon	Smileys & Emotion	💭	none
💤	ZZZ	zzz	Smileys & Emotion	💤	none
👋	waving hand	wave	People & Body	👋	default
👋🏻	waving hand: light skin tone		People & Body	👋	light
👋🏼	waving hand: medium-light skin tone		People & Body	👋	medium-light
👋🏽	waving hand: medium skin tone		People & Body	👋	medium
👋🏾	waving hand: medium-dark skin tone		People & Body	👋	medium-dark
👋🏿	waving hand: dark skin tone		People & Body	👋	dark
🤚	raised back of hand	raised_back_of_hand	People & Body	🤚	default
🤚🏻	raised back of hand: light skin tone		People & Body	🤚	light
🤚🏼	raised back of hand: medium-light skin tone		People & Body	🤚	medium-light
🤚🏽	raised back of hand: medium skin tone		People & Body	🤚	medium
🤚🏾	raised back of hand: medium-dark skin tone		People & Body	🤚	medium-dark
🤚🏿	raised back of hand: dark skin tone		People & Body	🤚	dark
🖐️	hand with fingers splayed	raised_hand_with_fingers_splayed	People & Body	🖐️	default
🖐🏻	hand with fingers splayed: light skin tone		People & Body	🖐️	light
🖐🏼	hand with fingers splayed: medium-light skin tone		People & Body	🖐️	medium-light
🖐🏽	hand with fingers splayed: medium skin tone		People & Body	🖐️	medium
🖐🏾	hand with fingers splayed: medium-dark skin tone		People & Body	🖐️	medium-dark
🖐🏿	hand with fingers splayed: dark skin tone		People & Body	🖐️	dark
✋	raised hand	hand raised_hand	People & Body	✋	default
✋🏻	raised hand: light skin tone		People & Body	✋	light
✋🏼	raised hand: medium-light skin tone		People & Body	✋	medium-light
✋🏽	raised hand: medium skin tone		People & Body	✋	medium
✋🏾	raised hand: medium-dark skin tone		People & Body	✋	medium-dark
✋🏿	raised hand: dark skin tone		People & Body	✋	dark
🖖	vulcan salute	vulcan_salute	People & Body	🖖	default
🖖🏻	vulcan salute: light skin tone		People & Body	🖖	light
🖖🏼	vulcan salute: medium-light skin tone		People & Body	🖖	medium-light
🖖🏽	vulcan salute: medium skin tone		People & Body	🖖	medium
🖖🏾	vulcan salute: medium-dark skin tone		People & Body	🖖	medium-dark
🖖🏿	vulcan salute: dark skin tone		People & Body	🖖	dark
🫱	rightwards hand	rightwards_hand	People & Body	🫱	default
🫱🏻	rightwards hand: light skin tone		People & Body	🫱	light
🫱🏼	rightwards hand: medium-light skin tone		People & Body	🫱	medium-light
🫱🏽	rightwards hand: medium skin tone		People & Body	🫱	medium
🫱🏾	rightwards hand: medium-dark skin tone		People & Body	🫱	medium-dark
🫱🏿	rightwards hand: dark skin tone		People & Body	🫱	dark
🫲	leftwards hand	leftwards_hand	People & Body	🫲	default
🫲🏻	leftwards hand: light skin tone		People & Body	🫲	light
🫲🏼	leftwards hand: medium-light skin tone		People & Body	🫲	medium-light
🫲🏽	leftwards hand: medium skin tone		People & Body	🫲	medium
🫲🏾	leftwards hand: medium-dark skin tone		People & Body	🫲	medium-dark
🫲🏿	leftwards hand: dark skin tone		People & Body	🫲	dark
🫳	palm down hand	palm_down_hand	People & Body	🫳	default
🫳🏻	palm down hand: light skin tone		People & Body	🫳	light
🫳🏼	palm down hand: medium-light skin tone		People & Body	🫳	medium-light
🫳🏽	palm down hand: medium skin tone		People & Body	🫳	medium
🫳🏾	palm down hand: medium-dark skin tone		People & Body	🫳	medium-dark
🫳🏿	palm down hand: dark skin tone		People & Body	🫳	dark
🫴	palm up hand	palm_up_hand	People & Body	🫴	default
🫴🏻	palm up hand: light skin tone		People & Body	🫴	light
🫴🏼	palm up hand: medium-light skin tone		People & Body	🫴	medium-light
🫴🏽	palm up hand: medium skin tone		People & Body	🫴	medium
🫴🏾	palm up hand: medium-dark skin tone		People & Body	🫴	medium-dark
🫴🏿	palm up hand: dark skin tone		People & Body	🫴	dark
🫷	leftwards pushing hand	leftwards_pushing_hand	People & Body	🫷	default
🫷🏻	leftwards pushing hand: light skin tone		People & Body	🫷	light
🫷🏼	leftwards pushing hand: medium-light skin tone		People & Body	🫷	medium-light
🫷🏽	leftwards pushing hand: medium skin tone		People & Body	🫷	medium
🫷🏾	leftwards pushing hand: medium-dark skin tone		People & Body	🫷	medium-dark
🫷🏿	leftwards pushing hand: dark skin tone		People & Body	🫷	dark
🫸	rightwards pushing hand	rightwards_pushing_hand	People & Body	🫸	default
🫸🏻	rightwards pushing hand: light skin tone		People & Body	🫸	light
🫸🏼	rightwards pushing hand: medium-light skin tone		People & Body	🫸	medium-light
🫸🏽	rightwards pushing hand: medium skin tone		People & Body	🫸	medium
🫸🏾	rightwards pushing hand: medium-dark skin tone		People & Body	🫸	medium-dark
🫸🏿	rightwards pushing hand: dark skin tone		People & Body	🫸	dark
👌	OK hand	ok_hand	People & Body	👌	default
👌🏻	OK hand: light skin tone		People & Body	👌	light
👌🏼	OK hand: medium-light skin tone		People & Body	👌	medium-light
👌🏽	OK hand: medium skin tone		People & Body	👌	medium
👌🏾	OK hand: medium-dark skin tone		People & Body	👌	medium-dark
👌🏿	OK hand: dark skin tone		People & Body	👌	dark
🤌	pinched fingers	pinched_fingers	People & Body	🤌	default
🤌🏻	pinched fingers: light skin tone		People & Body	🤌	light
🤌🏼	pinched fingers: medium-light skin tone		People & Body	🤌	medium-light
🤌🏽	pinched fingers: medium skin tone		People & Body	🤌	medium
🤌🏾	pinched fingers: medium-dark skin tone		People & Body	🤌	medium-dark
🤌🏿	pinched fingers: dark skin tone		People & Body	🤌	dark
🤏	pinching hand	pinching_hand	People & Body	🤏	default
🤏🏻	pinching hand: light skin tone		People & Body	🤏	light
🤏🏼	pinching hand: medium-light skin tone		People & Body	🤏	medium-light
🤏🏽	pinching hand: medium skin tone		People & Body	🤏	medium
🤏🏾	pinching hand: medium-dark skin tone		People & Body	🤏	medium-dark
🤏🏿	pinching hand: dark skin tone		People & Body	🤏	dark
✌️	victory hand	v	People & Body	✌️	default
✌🏻	victory hand: light skin tone		People & Body	✌️	light
✌🏼	victory hand: medium-light skin tone		People & Body	✌️	medium-light
✌🏽	victory hand: medium skin tone		People & Body	✌️	medium
✌🏾	victory hand: medium-dark skin tone		People & Body	✌️	medium-dark
✌🏿	victory hand: dark skin tone		People & Body	✌️	dark
🤞	crossed fingers	crossed_fingers	People & Body	🤞	default
🤞🏻	crossed fingers: light skin tone		People & Body	🤞	light
🤞🏼	crossed fingers: medium-light skin tone		People & Body	🤞	medium-light
🤞🏽	crossed fingers: medium skin tone		People & Body	🤞	medium
🤞🏾	crossed fingers: medium-dark skin tone		People & Body	🤞	medium-dark
🤞🏿	crossed fingers: dark skin tone		People & Body	🤞	dark
🫰	hand with index finger and thumb crossed	hand_with_index_finger_and_thumb_crossed	People & Body	🫰	default
🫰🏻	hand with index finger and thumb crossed: light skin tone		People & Body	🫰	light
🫰🏼	hand with index finger and thumb crossed: medium-light skin tone		People & Body	🫰	medium-light
🫰🏽	hand with index finger and thumb crossed: medium skin tone		People & Body	🫰	medium
🫰🏾	hand with index finger and thumb crossed: medium-dark skin tone		People & Body	🫰	medium-dark
🫰🏿	hand with index finger and thumb crossed: dark skin tone		People & Body	🫰	dark
🤟	love-you gesture	love_you_gesture	People & Body	🤟	default
🤟🏻	love-you gesture: light skin tone		People & Body	🤟	light
🤟🏼	love-you gesture: medium-light skin tone		People & Body	🤟	medium-light
🤟🏽	love-you gesture: medium skin tone		People & Body	🤟	medium
🤟🏾	love-you gesture: medium-dark skin tone		People & Body	🤟	medium-dark
🤟🏿	love-you gesture: dark skin tone		People & Body	🤟	dark
🤘	sign of the horns	metal	People & Body	🤘	default
🤘🏻	sign of the horns: light skin tone		People & Body	🤘	light
🤘🏼	sign of the horns: medium-light skin tone		People & Body	🤘	medium-light
🤘🏽	sign of the horns: medium skin tone		People & Body	🤘	medium
🤘🏾	sign of the horns: medium-dark skin tone		People & Body	🤘	medium-dark
🤘🏿	sign of the horns: dark skin tone		People & Body	🤘	dark
🤙	call me hand	call_me_hand	People & Body	🤙	default
🤙🏻	call me hand: light skin tone		People & Body	🤙	light
🤙🏼	call me hand: medium-light skin tone		People & Body	🤙	medium-light
🤙🏽	call me hand: medium skin tone		People & Body	🤙	medium
🤙🏾	call me hand: medium-dark skin tone		People & Body	🤙	medium-dark
🤙🏿	call me hand: dark skin tone		People & Body	🤙	dark
👈	backhand index pointing left	point_left	People & Body	👈	default
👈🏻	backhand index pointing left: light skin tone		People & Body	👈	light
👈🏼	backhand index pointing left: medium-light skin tone		People & Body	👈	medium-light
👈🏽	backhand index pointing left: medium skin tone		People & Body	👈	medium
👈🏾	backhand index pointing left: medium-dark skin tone		People & Body	👈	medium-dark
👈🏿	backhand index pointing left: dark skin tone		People & Body	👈	dark
👉	backhand index pointing right	point_right	People & Body	👉	default
👉🏻	backhand index pointing right: light skin tone		People & Body	👉	light
👉🏼	backhand index pointing right: medium-light skin tone		People & Body	👉	medium-light
👉🏽	backhand index pointing right: medium skin tone		People & Body	👉	medium
👉🏾	backhand index pointing right: medium-dark skin tone		People & Body	👉	medium-dark
👉🏿	backhand index pointing right: dark skin tone		People & Body	👉	dark
👆	backhand index pointing up	point_up_2	People & Body	👆	default
👆🏻	backhand index pointing up: light skin tone		People & Body	👆	light
👆🏼	backhand index pointing up: medium-light skin tone		People & Body	👆	medium-light
👆🏽	backhand index pointing up: medium skin tone		People & Body	👆	medium
👆🏾	backhand index pointing up: medium-dark skin tone		People & Body	👆	medium-dark
👆🏿	backhand index pointing up: dark skin tone		People & Body	👆	dark
🖕	middle finger	middle_finger fu	People & Body	🖕	default
🖕🏻	middle finger: light skin tone		People & Body	🖕	light
🖕🏼	middle finger: medium-light skin tone		People & Body	🖕	medium-light
🖕🏽	middle finger: medium skin tone		People & Body	🖕	medium
🖕🏾	middle finger: medium-dark skin tone		People & Body	🖕	medium-dark
🖕🏿	middle finger: dark skin tone		People & Body	🖕	dark
👇	backhand index pointing down	point_down	People & Body	👇	default
👇🏻	backhand index pointing down: light skin tone		People & Body	👇	light
👇🏼	backhand index pointing down: medium-light skin tone		People & Body	👇	medium-light
👇🏽	backhand index pointing down: medium skin tone		People & Body	👇	medium
👇🏾	backhand index pointing down: medium-dark skin tone		People & Body	👇	medium-dark
👇🏿	backhand index pointing down: dark skin tone		People & Body	👇	dark
☝️	index pointing up	point_up	People & Body	☝️	default
☝🏻	index pointing up: light skin tone		People & Body	☝️	light
☝🏼	index pointing up: medium-light skin tone		People & Body	☝️	medium-light
☝🏽	index pointing up: medium skin tone		People & Body	☝️	medium
☝🏾	index pointing up: medium-dark skin tone		People & Body	☝️	medium-dark
☝🏿	index pointing up: dark skin tone		People & Body	☝️	dark
🫵	index pointing at the viewer	index_pointing_at_the_viewer	People & Body	🫵	default
🫵🏻	index pointing at the viewer: light skin tone		People & Body	🫵	light
🫵🏼	index pointing at the viewer: medium-light skin tone		People & Body	🫵	medium-light
🫵🏽	index pointing at the viewer: medium skin tone		People & Body	🫵	medium
🫵🏾	index pointing at the viewer: medium-dark skin tone		People & Body	🫵	medium-dark
🫵🏿	index pointing at the viewer: dark skin tone		People & Body	🫵	dark
👍	thumbs up	+1 thumbsup	People & Body	👍	default
👍🏻	thumbs up: light skin tone		People & Body	👍	light
👍🏼	thumbs up: medium-light skin tone		People & Body	👍	medium-light
👍🏽	thumbs up: medium skin tone		People & Body	👍	medium
👍🏾	thumbs up: medium-dark skin tone		People & Body	👍	medium-dark
👍🏿	thumbs up: dark skin tone		People & Body	👍	dark
👎	thumbs down	-1 thumbsdown	People & Body	👎	default
👎🏻	thumbs down: light skin tone		People & Body	👎	light
👎🏼	thumbs down: medium-light skin tone		People & Body	👎	medium-light
👎🏽	thumbs down: medium skin tone		People & Body	👎	medium
👎🏾	thumbs down: medium-dark skin tone		People & Body	👎	medium-dark
👎🏿	thumbs down: dark skin tone		People & Body	👎	dark
✊	raised fist	fist_raised fist	People & Body	✊	default
✊🏻	raised fist: light skin tone		People & Body	✊	light
✊🏼	raised fist: medium-light skin tone		People & Body	✊	medium-light
✊🏽	raised fist: medium skin tone		People & Body	✊	medium
✊🏾	raised fist: medium-dark skin tone		People & Body	✊	medium-dark
✊🏿	raised fist: dark skin tone		People & Body	✊	dark
👊	oncoming fist	fist_oncoming facepunch punch	People & Body	👊	default
👊🏻	oncoming fist: light skin tone		People & Body	👊	light
👊🏼	oncoming fist: medium-light skin tone		People & Body	👊	medium-light
👊🏽	oncoming fist: medium skin tone		People & Body	👊	medium
👊🏾	oncoming fist: medium-dark skin tone		People & Body	👊	medium-dark
👊🏿	oncoming fist: dark skin tone		People & Body	👊	dark
🤛	left-facing fist	fist_left	People & Body	🤛	default
🤛🏻	left-facing fist: light skin tone		People & Body	🤛	light
🤛🏼	left-facing fist: medium-light skin tone		People & Body	🤛	medium-light
🤛🏽	left-facing fist: medium skin tone		People & Body	🤛	medium
🤛🏾	left-facing fist: medium-dark skin tone		People & Body	🤛	medium-dark
🤛🏿	left-facing fist: dark skin tone		People & Body	🤛	dark
🤜	right-facing fist	fist_right	People & Body	🤜	default
🤜🏻	right-facing fist: light skin tone		People & Body	🤜	light
🤜🏼	right-facing fist: medium-light skin tone		People & Body	🤜	medium-light
🤜🏽	right-facing fist: medium skin tone		People & Body	🤜	medium
🤜🏾	right-facing fist: medium-dark skin tone		People & Body	🤜	medium-dark
🤜🏿	right-facing fist: dark skin tone		People & Body	🤜	dark
👏	clapping hands	clap	People & Body	👏	default
👏🏻	clapping hands: light skin tone		People & Body	👏	light
👏🏼	clapping hands: medium-light skin tone		People & Body	👏	medium-light
👏🏽	clapping hands: medium skin tone		People & Body	👏	medium
👏🏾	clapping hands: medium-dark skin tone		People & Body	👏	medium-dark
👏🏿	clapping hands: dark skin tone		People & Body	👏	dark
🙌	raising hands	raised_hands	People & Body	🙌	default
🙌🏻	raising hands: light skin tone		People & Body	🙌	light
🙌🏼	raising hands: medium-light skin tone		People & Body	🙌	medium-light
🙌🏽	raising hands: medium skin tone		People & Body	🙌	medium
🙌🏾	raising hands: medium-dark skin tone		People & Body	🙌	medium-dark
🙌🏿	raising hands: dark skin tone		People & Body	🙌	dark
🫶	heart hands	heart_hands	People & Body	🫶	default
🫶🏻	heart hands: light skin tone		People & Body	🫶	light
🫶🏼	heart hands: medium-light skin tone		People & Body	🫶	medium-light
🫶🏽	heart hands: medium skin tone		People & Body	🫶	medium
🫶🏾	heart hands: medium-dark skin tone		People & Body	🫶	medium-dark
🫶🏿	heart hands: dark skin tone		People & Body	🫶	dark
👐	open hands	open_hands	People & Body	👐	default
👐🏻	open hands: light skin tone		People & Body	👐	light
👐🏼	open hands: medium-light skin tone		People & Body	👐	medium-light
👐🏽	open hands: medium skin tone		People & Body	👐	medium
👐🏾	open hands: medium-dark skin tone		People & Body	👐	medium-dark
👐🏿	open hands: dark skin tone		People & Body	👐	dark
🤲	palms up together	palms_up_together	People & Body	🤲	default
🤲🏻	palms up together: light skin tone		People & Body	🤲	light
🤲🏼	palms up together: medium-light skin tone		People & Body	🤲	medium-light
🤲🏽	palms up together: medium skin tone		People & Body	🤲	medium
🤲🏾	palms up together: medium-dark skin tone		People & Body	🤲	medium-dark
🤲🏿	palms up together: dark skin tone		People & Body	🤲	dark
🤝	handshake	handshake	People & Body	🤝	default
🤝🏻	handshake: light skin tone		People & Body	🤝	light
🤝🏼	handshake: medium-light skin tone		People & Body	🤝	medium-light
🤝🏽	handshake: medium skin tone		People & Body	🤝	medium
🤝🏾	handshake: medium-dark skin tone		People & Body	🤝	medium-dark
🤝🏿	handshake: dark skin tone		People & Body	🤝	dark
🫱🏻‍🫲🏼	handshake: light skin tone, medium-light skin tone		People & Body	🤝	mixed
🫱🏻‍🫲🏽	handshake: light skin tone, medium skin tone		People & Body	🤝	mixed
🫱🏻‍🫲🏾	handshake: light skin tone, medium-dark skin tone		People & Body	🤝	mixed
🫱🏻‍🫲🏿	handshake: light skin tone, dark skin tone		People & Body	🤝	mixed
🫱🏼‍🫲🏻	handshake: medium-light skin tone, light skin tone		People & Body	🤝	mixed
🫱🏼‍🫲🏽	handshake: medium-light skin tone, medium skin tone		People & Body	🤝	mixed
🫱🏼‍🫲🏾	handshake: medium-light skin tone, medium-dark skin tone		People & Body	🤝	mixed
🫱🏼‍🫲🏿	handshake: medium-light skin tone, dark skin tone		People & Body	🤝	mixed
🫱🏽‍🫲🏻	handshake: medium skin tone, light skin tone		People & Body	🤝	mixed
🫱🏽‍🫲🏼	handshake: medium skin tone, medium-light skin tone		People & Body	🤝	mixed
🫱🏽‍🫲🏾	handshake: medium skin tone, medium-dark skin tone		People & Body	🤝	mixed
🫱🏽‍🫲🏿	handshake: medium skin tone, dark skin tone		People & Body	🤝	mixed
🫱🏾‍🫲🏻	handshake: medium-dark skin tone, light skin tone		People & Body	🤝	mixed
🫱🏾‍🫲🏼	handshake: medium-dark skin tone, medium-light skin tone		People & Body	🤝	mixed
🫱🏾‍🫲🏽	handshake: medium-dark skin tone, medium skin tone		People & Body	🤝	mixed
🫱🏾‍🫲🏿	handshake: medium-dark skin tone, dark skin tone		People & Body	🤝	mixed
🫱🏿‍🫲🏻	handshake: dark skin tone, light skin tone		People & Body	🤝	mixed
🫱🏿‍🫲🏼	handshake: dark skin tone, medium-light skin tone		People & Body	🤝	mixed
🫱🏿‍🫲🏽	handshake: dark skin tone, medium skin tone		People & Body	🤝	mixed
🫱🏿‍🫲🏾	handshake: dark skin tone, medium-dark skin tone		People & Body	🤝	mixed
🙏	folded hands	pray	People & Body	🙏	default
🙏🏻	folded hands: light skin tone		People & Body	🙏	light
🙏🏼	folded hands: medium-light skin tone		People & Body	🙏	medium-light
🙏🏽	folded hands: medium skin tone		People & Body	🙏	medium
🙏🏾	folded hands: medium-dark skin tone		People & Body	🙏	medium-dark
🙏🏿	folded hands: dark skin tone		People & Body	🙏	dark
✍️	writing hand	writing_hand	People & Body	✍️	default
✍🏻	writing hand: light skin tone		People & Body	✍️	light
✍🏼	writing hand: medium-light skin tone		People & Body	✍️	medium-light
✍🏽	writing hand: medium skin tone		People & Body	✍️	medium
✍🏾	writing hand: medium-dark skin tone		People & Body	✍️	medium-dark
✍🏿	writing hand: dark skin tone		People & Body	✍️	dark
💅	nail polish	nail_care	People & Body	💅	default
💅🏻	nail polish: light skin tone		People & Body	💅	light
💅🏼	nail polish: medium-light skin tone		People & Body	💅	medium-light
💅🏽	nail polish: medium skin tone		People & Body	💅	medium
💅🏾	nail polish: medium-dark skin tone		People & Body	💅	medium-dark
💅🏿	nail polish: dark skin tone		People & Body	💅	dark
🤳	selfie	selfie	People & Body	🤳	default
🤳🏻	selfie: light skin tone		People & Body	🤳	light
🤳🏼	selfie: medium-light skin tone		People & Body	🤳	medium-light
🤳🏽	selfie: medium skin tone		People & Body	🤳	medium
🤳🏾	selfie: medium-dark skin tone		People & Body	🤳	medium-dark
🤳🏿	selfie: dark skin tone		People & Body	🤳	dark
💪	flexed biceps	muscle	People & Body	💪	default
💪🏻	flexed biceps: light skin tone		People & Body	💪	light
💪🏼	flexed biceps: medium-light skin tone		People & Body	💪	medium-light
💪🏽	flexed biceps: medium skin tone		People & Body	💪	medium
💪🏾	flexed biceps: medium-dark skin tone		People & Body	💪	medium-dark
💪🏿	flexed biceps: dark skin tone		People & Body	💪	dark
🦾	mechanical arm	mechanical_arm	People & Body	🦾	none
🦿	mechanical leg	mechanical_leg	People & Body	🦿	none
🦵	leg	leg	People & Body	🦵	default
🦵🏻	leg: light skin tone		People & Body	🦵	light
🦵🏼	leg: medium-light skin tone		People & Body	🦵	medium-light
🦵🏽	leg: medium skin tone		People & Body	🦵	medium
🦵🏾	leg: medium-dark skin tone		People & Body	🦵	medium-dark
🦵🏿	leg: dark skin tone		People & Body	🦵	dark
🦶	foot	foot	People & Body	🦶	default
🦶🏻	foot: light skin tone		People & Body	🦶	light
🦶🏼	foot: medium-light skin tone		People & Body	🦶	medium-light
🦶🏽	foot: medium skin tone		People & Body	🦶	medium
🦶🏾	foot: medium-dark skin tone		People & Body	🦶	medium-dark
🦶🏿	foot: dark skin tone		People & Body	🦶	dark
👂	ear	ear	People & Body	👂	default
👂🏻	ear: light skin tone		People & Body	👂	light
👂🏼	ear: medium-light skin tone		People & Body	👂	medium-light
👂🏽	ear: medium skin tone		People & Body	👂	medium
👂🏾	ear: medium-dark skin tone		People & Body	👂	medium-dark
👂🏿	ear: dark skin tone		People & Body	👂	dark
🦻	ear with hearing aid	ear_with_hearing_aid	People & Body	🦻	default
🦻🏻	ear with hearing aid: light skin tone		People & Body	🦻	light
🦻🏼	ear with hearing aid: medium-light skin tone		People & Body	🦻	medium-light
🦻🏽	ear with hearing aid: medium skin tone		People & Body	🦻	medium
🦻🏾	ear with hearing aid: medium-dark skin tone		People & Body	🦻	medium-dark
🦻🏿	ear with hearing aid: dark skin tone		People & Body	🦻	dark
👃	nose	nose	People & Body	👃	default
👃🏻	nose: light skin tone		People & Body	👃	light
👃🏼	nose: medium-light skin tone		People & Body	👃	medium-light
👃🏽	nose: medium skin tone		People & Body	👃	medium
👃🏾	nose: medium-dark skin tone		People & Body	👃	medium-dark
👃🏿	nose: dark skin tone		People & Body	👃	dark
🧠	brain	brain	People & Body	🧠	none
🫀	anatomical heart	anatomical_heart	People & Body	🫀	none
🫁	lungs	lungs	People & Body	🫁	none
🦷	tooth	tooth	People & Body	🦷	none
🦴	bone	bone	People & Body	🦴	none
👀	eyes	eyes	People & Body	👀	none
👁️	eye	eye	People & Body	👁️	none
👅	tongue	tongue	People & Body	👅	none
👄	mouth	lips	People & Body	👄	none
🫦	biting lip	biting_lip	People & Body	🫦	none
👶	baby	baby	People & Body	👶	default
👶🏻	baby: light skin tone		People & Body	👶	light
👶🏼	baby: medium-light skin tone		People & Body	👶	medium-light
👶🏽	baby: medium skin tone		People & Body	👶	medium
👶🏾	baby: medium-dark skin tone		People & Body	👶	medium-dark
👶🏿	baby: dark skin tone		People & Body	👶	dark
🧒	child	child	People & Body	🧒	default
🧒🏻	child: light skin tone		People & Body	🧒	light
🧒🏼	child: medium-light skin tone		People & Body	🧒	medium-light
🧒🏽	child: medium skin tone		People & Body	🧒	medium
🧒🏾	child: medium-dark skin tone		People & Body	🧒	medium-dark
🧒🏿	child: dark skin tone		People & Body	🧒	dark
👦	boy	boy	People & Body	👦	default
👦🏻	boy: light skin tone		People & Body	👦	light
👦🏼	boy: medium-light skin tone		People & Body	👦	medium-light
👦🏽	boy: medium skin tone		People & Body	👦	medium
👦🏾	boy: medium-dark skin tone		People & Body	👦	medium-dark
👦🏿	boy: dark skin tone		People & Body	👦	dark
👧	girl	girl	People & Body	👧	default
👧🏻	girl: light skin tone		People & Body	👧	light
👧🏼	girl: medium-light skin tone		People & Body	👧	medium-light
👧🏽	girl: medium skin tone		People & Body	👧	medium
👧🏾	girl: medium-dark skin tone		People & Body	👧	medium-dark
👧🏿	girl: dark skin tone		People & Body	👧	dark
🧑	person	adult	People & Body	🧑	default
🧑🏻	person: light skin tone		People & Body	🧑	light
🧑🏼	person: medium-light skin tone		People & Body	🧑	medium-light
🧑🏽	person: medium skin tone		People & Body	🧑	medium
🧑🏾	person: medium-dark skin tone		People & Body	🧑	medium-dark
🧑🏿	person: dark skin tone		People & Body	🧑	dark
👱	person: blond hair	blond_haired_person	People & Body	👱	default
👱🏻	person: light skin tone, blond hair		People & Body	👱	light
👱🏼	person: medium-light skin tone, blond hair		People & Body	👱	medium-light
👱🏽	person: medium skin tone, blond hair		People & Body	👱	medium
👱🏾	person: medium-dark skin tone, blond hair		People & Body	👱	medium-dark
👱🏿	person: dark skin tone, blond hair		People & Body	👱	dark
👨	man	man	People & Body	👨	default
👨🏻	man: light skin tone		People & Body	👨	light
👨🏼	man: medium-light skin tone		People & Body	👨	medium-light
👨🏽	man: medium skin tone		People & Body	👨	medium
👨🏾	man: medium-dark skin tone		People & Body	👨	medium-dark
👨🏿	man: dark skin tone		People & Body	👨	dark
🧔	person: beard	bearded_person	People & Body	🧔	default
🧔🏻	person: light skin tone, beard		People & Body	🧔	light
🧔🏼	person: medium-light skin tone, beard		People & Body	🧔	medium-light
🧔🏽	person: medium skin tone, beard		People & Body	🧔	medium
🧔🏾	person: medium-dark skin tone, beard		People & Body	🧔	medium-dark
🧔🏿	person: dark skin tone, beard		People & Body	🧔	dark
🧔‍♂️	man: beard	man_beard	People & Body	🧔‍♂️	default
🧔🏻‍♂️	man: light skin tone, beard		People & Body	🧔‍♂️	light
🧔🏼‍♂️	man: medium-light skin tone, beard		People & Body	🧔‍♂️	medium-light
🧔🏽‍♂️	man: medium skin tone, beard		People & Body	🧔‍♂️	medium
🧔🏾‍♂️	man: medium-dark skin tone, beard		People & Body	🧔‍♂️	medium-dark
🧔🏿‍♂️	man: dark skin tone, beard		People & Body	🧔‍♂️	dark
🧔‍♀️	woman: beard	woman_beard	People & Body	🧔‍♀️	default
🧔🏻‍♀️	woman: light skin tone, beard		People & Body	🧔‍♀️	light
🧔🏼‍♀️	woman: medium-light skin tone, beard		People & Body	🧔‍♀️	medium-light
🧔🏽‍♀️	woman: medium skin tone, beard		People & Body	🧔‍♀️	medium
🧔🏾‍♀️	woman: medium-dark skin tone, beard		People & Body	🧔‍♀️	medium-dark
🧔🏿‍♀️	woman: dark skin tone, beard		People & Body	🧔‍♀️	dark
👨‍🦰	man: red hair	red_haired_man	People & Body	👨‍🦰	default
👨🏻‍🦰	man: light skin tone, red hair		People & Body	👨‍🦰	light
👨🏼‍🦰	man: medium-light skin tone, red hair		People & Body	👨‍🦰	medium-light
👨🏽‍🦰	man: medium skin tone, red hair		People & Body	👨‍🦰	medium
👨🏾‍🦰	man: medium-dark skin tone, red hair		People & Body	👨‍🦰	medium-dark
👨🏿‍🦰	man: dark skin tone, red hair		People & Body	👨‍🦰	dark
👨‍🦱	man: curly hair	curly_haired_man	People & Body	👨‍🦱	default
👨🏻‍🦱	man: light skin tone, curly hair		People & Body	👨‍🦱	light
👨🏼‍🦱	man: medium-light skin tone, curly hair		People & Body	👨‍🦱	medium-light
👨🏽‍🦱	man: medium skin tone, curly hair		People & Body	👨‍🦱	medium
👨🏾‍🦱	man: medium-dark skin tone, curly hair		People & Body	👨‍🦱	medium-dark
👨🏿‍🦱	man: dark skin tone, curly hair		People & Body	👨‍🦱	dark
👨‍🦳	man: white hair	white_haired_man	People & Body	👨‍🦳	default
👨🏻‍🦳	man: light skin tone, white hair		People & Body	👨‍🦳	light
👨🏼‍🦳	man: medium-light skin tone, white hair		People & Body	👨‍🦳	medium-light
👨🏽‍🦳	man: medium skin tone, white hair		People & Body	👨‍🦳	medium
👨🏾‍🦳	man: medium-dark skin tone, white hair		People & Body	👨‍🦳	medium-dark
👨🏿‍🦳	man: dark skin tone, white hair		People & Body	👨‍🦳	dark
👨‍🦲	man: bald	bald_man	People & Body	👨‍🦲	default
👨🏻‍🦲	man: light skin tone, bald		People & Body	👨‍🦲	light
👨🏼‍🦲	man: medium-light skin tone, bald		People & Body	👨‍🦲	medium-light
👨🏽‍🦲	man: medium skin tone, bald		People & Body	👨‍🦲	medium
👨🏾‍🦲	man: medium-dark skin tone, bald		People & Body	👨‍🦲	medium-dark
👨🏿‍🦲	man: dark skin tone, bald		People & Body	👨‍🦲	dark
👩	woman	woman	People & Body	👩	default
👩🏻	woman: light skin tone		People & Body	👩	light
👩🏼	woman: medium-light skin tone		People & Body	👩	medium-light
👩🏽	woman: medium skin tone		People & Body	👩	medium
👩🏾	woman: medium-dark skin tone		People & Body	👩	medium-dark
👩🏿	woman: dark skin tone		People & Body	👩	dark
👩‍🦰	woman: red hair	red_haired_woman	People & Body	👩‍🦰	default
👩🏻‍🦰	woman: light skin tone, red hair		People & Body	👩‍🦰	light
👩🏼‍🦰	woman: medium-light skin tone, red hair		People & Body	👩‍🦰	medium-light
👩🏽‍🦰	woman: medium skin tone, red hair		People & Body	👩‍🦰	medium
👩🏾‍🦰	woman: medium-dark skin tone, red hair		People & Body	👩‍🦰	medium-dark
👩🏿‍🦰	woman: dark skin tone, red hair		People & Body	👩‍🦰	dark
🧑‍🦰	person: red hair	person_red_hair	People & Body	🧑‍🦰	default
🧑🏻‍🦰	person: light skin tone, red hair		People & Body	🧑‍🦰	light
🧑🏼‍🦰	person: medium-light skin tone, red hair		People & Body	🧑‍🦰	medium-light
🧑🏽‍🦰	person: medium skin tone, red hair		People & Body	🧑‍🦰	medium
🧑🏾‍🦰	person: medium-dark skin tone, red hair		People & Body	🧑‍🦰	medium-dark
🧑🏿‍🦰	person: dark skin tone, red hair		People & Body	🧑‍🦰	dark
👩‍🦱	woman: curly hair	curly_haired_woman	People & Body	👩‍🦱	default
👩🏻‍🦱	woman: light skin tone, curly hair		People & Body	👩‍🦱	light
👩🏼‍🦱	woman: medium-light skin tone, curly hair		People & Body	👩‍🦱	medium-light
👩🏽‍🦱	woman: medium skin tone, curly hair		People & Body	👩‍🦱	medium
👩🏾‍🦱	woman: medium-dark skin tone, curly hair		People & Body	👩‍🦱	medium-dark
👩🏿‍🦱	woman: dark skin tone, curly hair		People & Body	👩‍🦱	dark
🧑‍🦱	person: curly hair	person_curly_hair	People & Body	🧑‍🦱	default
🧑🏻‍🦱	person: light skin tone, curly hair		People & Body	🧑‍🦱	light
🧑🏼‍🦱	person: medium-light skin tone, curly hair		People & Body	🧑‍🦱	medium-light
🧑🏽‍🦱	person: medium skin tone, curly hair		People & Body	🧑‍🦱	medium
🧑🏾‍🦱	person: medium-dark skin tone, curly hair		People & Body	🧑‍🦱	medium-dark
🧑🏿‍🦱	person: dark skin tone, curly hair		People & Body	🧑‍🦱	dark
👩‍🦳	woman: white hair	white_haired_woman	People & Body	👩‍🦳	default
👩🏻‍🦳	woman: light skin tone, white hair		People & Body	👩‍🦳	light
👩🏼‍🦳	woman: medium-light skin tone, white hair		People & Body	👩‍🦳	medium-light
👩🏽‍🦳	woman: medium skin tone, white hair		People & Body	👩‍🦳	medium
👩🏾‍🦳	woman: medium-dark skin tone, white hair		People & Body	👩‍🦳	medium-dark
👩🏿‍🦳	woman: dark skin tone, white hair		People & Body	👩‍🦳	dark
🧑‍🦳	person: white hair	person_white_hair	People & Body	🧑‍🦳	default
🧑🏻‍🦳	person: light skin tone, white hair		People & Body	🧑‍🦳	light
🧑🏼‍🦳	person: medium-light skin tone, white hair		People & Body	🧑‍🦳	medium-light
🧑🏽‍🦳	person: medium skin tone, white hair		People & Body	🧑‍🦳	medium
🧑🏾‍🦳	person: medium-dark skin tone, white hair		People & Body	🧑‍🦳	medium-dark
🧑🏿‍🦳	person: dark skin tone, white hair		People & Body	🧑‍🦳	dark
👩‍🦲	woman: bald	bald_woman	People & Body	👩‍🦲	default
👩🏻‍🦲	woman: light skin tone, bald		People & Body	👩‍🦲	light
👩🏼‍🦲	woman: medium-light skin tone, bald		People & Body	👩‍🦲	medium-light
👩🏽‍🦲	woman: medium skin tone, bald		People & Body	👩‍🦲	medium
👩🏾‍🦲	woman: medium-dark skin tone, bald		People & Body	👩‍🦲	medium-dark
👩🏿‍🦲	woman: dark skin tone, bald		People & Body	👩‍🦲	dark
🧑‍🦲	person: bald	person_bald	People & Body	🧑‍🦲	default
🧑🏻‍🦲	person: light skin tone, bald		People & Body	🧑‍🦲	light
🧑🏼‍🦲	person: medium-light skin tone, bald		People & Body	🧑‍🦲	medium-light
🧑🏽‍🦲	person: medium skin tone, bald		People & Body	🧑‍🦲	medium
🧑🏾‍🦲	person: medium-dark skin tone, bald		People & Body	🧑‍🦲	medium-dark
🧑🏿‍🦲	person: dark skin tone, bald		People & Body	🧑‍🦲	dark
👱‍♀️	woman: blond hair	blond_haired_woman blonde_woman	People & Body	👱‍♀️	default
👱🏻‍♀️	woman: light skin tone, blond hair		People & Body	👱‍♀️	light
👱🏼‍♀️	woman: medium-light skin tone, blond hair		People & Body	👱‍♀️	medium-light
👱🏽‍♀️	woman: medium skin tone, blond hair		People & Body	👱‍♀️	medium
👱🏾‍♀️	woman: medium-dark skin tone, blond hair		People & Body	👱‍♀️	medium-dark
👱🏿‍♀️	woman: dark skin tone, blond hair		People & Body	👱‍♀️	dark
👱‍♂️	man: blond hair	blond_haired_man	People & Body	👱‍♂️	default
👱🏻‍♂️	man: light skin tone, blond hair		People & Body	👱‍♂️	light
👱🏼‍♂️	man: medium-light skin tone, blond hair		People & Body	👱‍♂️	medium-light
👱🏽‍♂️	man: medium skin tone, blond hair		People & Body	👱‍♂️	medium
👱🏾‍♂️	man: medium-dark skin tone, blond hair		People & Body	👱‍♂️	medium-dark
👱🏿‍♂️	man: dark skin tone, blond hair		People & Body	👱‍♂️	dark
🧓	older person	older_adult	People & Body	🧓	default
🧓🏻	older person: light skin tone		People & Body	🧓	light
🧓🏼	older person: medium-light skin tone		People & Body	🧓	medium-light
🧓🏽	older person: medium skin tone		People & Body	🧓	medium
🧓🏾	older person: medium-dark skin tone		People & Body	🧓	medium-dark
🧓🏿	older person: dark skin tone		People & Body	🧓	dark
👴	old man	older_man	People & Body	👴	default
👴🏻	old man: light skin tone		People & Body	👴	light
👴🏼	old man: medium-light skin tone		People & Body	👴	medium-light
👴🏽	old man: medium skin tone		People & Body	👴	medium
👴🏾	old man: medium-dark skin tone		People & Body	👴	medium-dark
👴🏿	old man: dark skin tone		People & Body	👴	dark
👵	old woman	older_woman	People & Body	👵	default
👵🏻	old woman: light skin tone		People & Body	👵	light
👵🏼	old woman: medium-light skin tone		People & Body	👵	medium-light
👵🏽	old woman: medium skin tone		People & Body	👵	medium
👵🏾	old woman: medium-dark skin tone		People & Body	👵	medium-dark
👵🏿	old woman: dark skin tone		People & Body	👵	dark
🙍	person frowning	frowning_person	People & Body	🙍	default
🙍🏻	person frowning: light skin tone		People & Body	🙍	light
🙍🏼	person frowning: medium-light skin tone		People & Body	🙍	medium-light
🙍🏽	person frowning: medium skin tone		People & Body	🙍	medium
🙍🏾	person frowning: medium-dark skin tone		People & Body	🙍	medium-dark
🙍🏿	person frowning: dark skin tone		People & Body	🙍	dark
🙍‍♂️	man frowning	frowning_man	People & Body	🙍‍♂️	default
🙍🏻‍♂️	man frowning: light skin tone		People & Body	🙍‍♂️	light
🙍🏼‍♂️	man frowning: medium-light skin tone		People & Body	🙍‍♂️	medium-light
🙍🏽‍♂️	man frowning: medium skin tone		People & Body	🙍‍♂️	medium
🙍🏾‍♂️	man frowning: medium-dark skin tone		People & Body	🙍‍♂️	medium-dark
🙍🏿‍♂️	man frowning: dark skin tone		People & Body	🙍‍♂️	dark
🙍‍♀️	woman frowning	frowning_woman	People & Body	🙍‍♀️	default
🙍🏻‍♀️	woman frowning: light skin tone		People & Body	🙍‍♀️	light
🙍🏼‍♀️	woman frowning: medium-light skin tone		People & Body	🙍‍♀️	medium-light
🙍🏽‍♀️	woman frowning: medium skin tone		People & Body	🙍‍♀️	medium
🙍🏾‍♀️	woman frowning: medium-dark skin tone		People & Body	🙍‍♀️	medium-dark
🙍🏿‍♀️	woman frowning: dark skin tone		People & Body	🙍‍♀️	dark
🙎	person pouting	pouting_face	People & Body	🙎	default
🙎🏻	person pouting: light skin tone		People & Body	🙎	light
🙎🏼	person pouting: medium-light skin tone		People & Body	🙎	medium-light
🙎🏽	person pouting: medium skin tone		People & Body	🙎	medium
🙎🏾	person pouting: medium-dark skin tone		People & Body	🙎	medium-dark
🙎🏿	person pouting: dark skin tone		People & Body	🙎	dark
🙎‍♂️	man pouting	pouting_man	People & Body	🙎‍♂️	default
🙎🏻‍♂️	man pouting: light skin tone		People & Body	🙎‍♂️	light
🙎🏼‍♂️	man pouting: medium-light skin tone		People & Body	🙎‍♂️	medium-light
🙎🏽‍♂️	man pouting: medium skin tone		People & Body	🙎‍♂️	medium
🙎🏾‍♂️	man pouting: medium-dark skin tone		People & Body	🙎‍♂️	medium-dark
🙎🏿‍♂️	man pouting: dark skin tone		People & Body	🙎‍♂️	dark
🙎‍♀️	woman pouting	pouting_woman	People & Body	🙎‍♀️	default
🙎🏻‍♀️	woman pouting: light skin tone		People & Body	🙎‍♀️	light
🙎🏼‍♀️	woman pouting: medium-light skin tone		People & Body	🙎‍♀️	medium-light
🙎🏽‍♀️	woman pouting: medium skin tone		People & Body	🙎‍♀️	medium
🙎🏾‍♀️	woman pouting: medium-dark skin tone		People & Body	🙎‍♀️	medium-dark
🙎🏿‍♀️	woman pouting: dark skin tone		People & Body	🙎‍♀️	dark
🙅	person gesturing NO	no_good	People & Body	🙅	default
🙅🏻	person gesturing NO: light skin tone		People & Body	🙅	light
🙅🏼	person gesturing NO: medium-light skin tone		People & Body	🙅	medium-light
🙅🏽	person gesturing NO: medium skin tone		People & Body	🙅	medium
🙅🏾	person gesturing NO: medium-dark skin tone		People & Body	🙅	medium-dark
🙅🏿	person gesturing NO: dark skin tone		People & Body	🙅	dark
🙅‍♂️	man gesturing NO	no_good_man ng_man	People & Body	🙅‍♂️	default
🙅🏻‍♂️	man gesturing NO: light skin tone		People & Body	🙅‍♂️	light
🙅🏼‍♂️	man gesturing NO: medium-light skin tone		People & Body	🙅‍♂️	medium-light
🙅🏽‍♂️	man gesturing NO: medium skin tone		People & Body	🙅‍♂️	medium
🙅🏾‍♂️	man gesturing NO: medium-dark skin tone		People & Body	🙅‍♂️	medium-dark
🙅🏿‍♂️	man gesturing NO: dark skin tone		People & Body	🙅‍♂️	dark
🙅‍♀️	woman gesturing NO	no_good_woman ng_woman	People & Body	🙅‍♀️	default
🙅🏻‍♀️	woman gesturing NO: light skin tone		People & Body	🙅‍♀️	light
🙅🏼‍♀️	woman gesturing NO: medium-light skin tone		People & Body	🙅‍♀️	medium-light
🙅🏽‍♀️	woman gesturing NO: medium skin tone		People & Body	🙅‍♀️	medium
🙅🏾‍♀️	woman gesturing NO: medium-dark skin tone		People & Body	🙅‍♀️	medium-dark
🙅🏿‍♀️	woman gesturing NO: dark skin tone		People & Body	🙅‍♀️	dark
🙆	person gesturing OK	ok_person	People & Body	🙆	default
🙆🏻	person gesturing OK: light skin tone		People & Body	🙆	light
🙆🏼	person gesturing OK: medium-light skin tone		People & Body	🙆	medium-light
🙆🏽	person gesturing OK: medium skin tone		People & Body	🙆	medium
🙆🏾	person gesturing OK: medium-dark skin tone		People & Body	🙆	medium-dark
🙆🏿	person gesturing OK: dark skin tone		People & Body	🙆	dark
🙆‍♂️	man gesturing OK	ok_man	People & Body	🙆‍♂️	default
🙆🏻‍♂️	man gesturing OK: light skin tone		People & Body	🙆‍♂️	light
🙆🏼‍♂️	man gesturing OK: medium-light skin tone		People & Body	🙆‍♂️	medium-light
🙆🏽‍♂️	man gesturing OK: medium skin tone		People & Body	🙆‍♂️	medium
🙆🏾‍♂️	man gesturing OK: medium-dark skin tone		People & Body	🙆‍♂️	medium-dark
🙆🏿‍♂️	man gesturing OK: dark skin tone		People & Body	🙆‍♂️	dark
🙆‍♀️	woman gesturing OK	ok_woman	People & Body	🙆‍♀️	default
🙆🏻‍♀️	woman gesturing OK: light skin tone		People & Body	🙆‍♀️	light
🙆🏼‍♀️	woman gesturing OK: medium-light skin tone		People & Body	🙆‍♀️	medium-light
🙆🏽‍♀️	woman gesturing OK: medium skin tone		People & Body	🙆‍♀️	medium
🙆🏾‍♀️	woman gesturing OK: medium-dark skin tone		People & Body	🙆‍♀️	medium-dark
🙆🏿‍♀️	woman gesturing OK: dark skin tone		People & Body	🙆‍♀️	dark
💁	person tipping hand	tipping_hand_person information_desk_person	People & Body	💁	default
💁🏻	person tipping hand: light skin tone		People & Body	💁	light
💁🏼	person tipping hand: medium-light skin tone		People & Body	💁	medium-light
💁🏽	person tipping hand: medium skin tone		People & Body	💁	medium
💁🏾	person tipping hand: medium-dark skin tone		People & Body	💁	medium-dark
💁🏿	person tipping hand: dark skin tone		People & Body	💁	dark
💁‍♂️	man tipping hand	tipping_hand_man sassy_man	People & Body	💁‍♂️	default
💁🏻‍♂️	man tipping hand: light skin tone		People & Body	💁‍♂️	light
💁🏼‍♂️	man tipping hand: medium-light skin tone		People & Body	💁‍♂️	medium-light
💁🏽‍♂️	man tipping hand: medium skin tone		People & Body	💁‍♂️	medium
💁🏾‍♂️	man tipping hand: medium-dark skin tone		People & Body	💁‍♂️	medium-dark
💁🏿‍♂️	man tipping hand: dark skin tone		People & Body	💁‍♂️	dark
💁‍♀️	woman tipping hand	tipping_hand_woman sassy_woman	People & Body	💁‍♀️	default
💁🏻‍♀️	woman tipping hand: light skin tone		People & Body	💁‍♀️	light
💁🏼‍♀️	woman tipping hand: medium-light skin tone		People & Body	💁‍♀️	medium-light
💁🏽‍♀️	woman tipping hand: medium skin tone		People & Body	💁‍♀️	medium
💁🏾‍♀️	woman tipping hand: medium-dark skin tone		People & Body	💁‍♀️	medium-dark
💁🏿‍♀️	woman tipping hand: dark skin tone		People & Body	💁‍♀️	dark
🙋	person raising hand	raising_hand	People & Body	🙋	default
🙋🏻	person raising hand: light skin tone		People & Body	🙋	light
🙋🏼	person raising hand: medium-light skin tone		People & Body	🙋	medium-light
🙋🏽	person raising hand: medium skin tone		People & Body	🙋	medium
🙋🏾	person raising hand: medium-dark skin tone		People & Body	🙋	medium-dark
🙋🏿	person raising hand: dark skin tone		People & Body	🙋	dark
🙋‍♂️	man raising hand	raising_hand_man	People & Body	🙋‍♂️	default
🙋🏻‍♂️	man raising hand: light skin tone		People & Body	🙋‍♂️	light
🙋🏼‍♂️	man raising hand: medium-light skin tone		People & Body	🙋‍♂️	medium-light
🙋🏽‍♂️	man raising hand: medium skin tone		People & Body	🙋‍♂️	medium
🙋🏾‍♂️	man raising hand: medium-dark skin tone		People & Body	🙋‍♂️	medium-dark
🙋🏿‍♂️	man raising hand: dark skin tone		People & Body	🙋‍♂️	dark
🙋‍♀️	woman raising hand	raising_hand_woman	People & Body	🙋‍♀️	default
🙋🏻‍♀️	woman raising hand: light skin tone		People & Body	🙋‍♀️	light
🙋🏼‍♀️	woman raising hand: medium-light skin tone		People & Body	🙋‍♀️	medium-light
🙋🏽‍♀️	woman raising hand: medium skin tone		People & Body	🙋‍♀️	medium
🙋🏾‍♀️	woman raising hand: medium-dark skin tone		People & Body	🙋‍♀️	medium-dark
🙋🏿‍♀️	woman raising hand: dark skin tone		People & Body	🙋‍♀️	dark
🧏	deaf person	deaf_person	People & Body	🧏	default
🧏🏻	deaf person: light skin tone		People & Body	🧏	light
🧏🏼	deaf person: medium-light skin tone		People & Body	🧏	medium-light
🧏🏽	deaf person: medium skin tone		People & Body	🧏	medium
🧏🏾	deaf person: medium-dark skin tone		People & Body	🧏	medium-dark
🧏🏿	deaf person: dark skin tone		People & Body	🧏	dark
🧏‍♂️	deaf man	deaf_man	People & Body	🧏‍♂️	default
🧏🏻‍♂️	deaf man: light skin tone		People & Body	🧏‍♂️	light
🧏🏼‍♂️	deaf man: medium-light skin tone		People & Body	🧏‍♂️	medium-light
🧏🏽‍♂️	deaf man: medium skin tone		People & Body	🧏‍♂️	medium
🧏🏾‍♂️	deaf man: medium-dark skin tone		People & Body	🧏‍♂️	medium-dark
🧏🏿‍♂️	deaf man: dark skin tone		People & Body	🧏‍♂️	dark
🧏‍♀️	deaf woman	deaf_woman	People & Body	🧏‍♀️	default
🧏🏻‍♀️	deaf woman: light skin tone		People & Body	🧏‍♀️	light
🧏🏼‍♀️	deaf woman: medium-light skin tone		People & Body	🧏‍♀️	medium-light
🧏🏽‍♀️	deaf woman: medium skin tone		People & Body	🧏‍♀️	medium
🧏🏾‍♀️	deaf woman: medium-dark skin tone		People & Body	🧏‍♀️	medium-dark
🧏🏿‍♀️	deaf woman: dark skin tone		People & Body	🧏‍♀️	dark
🙇	person bowing	bow	People & Body	🙇	default
🙇🏻	person bowing: light skin tone		People & Body	🙇	light
🙇🏼	person bowing: medium-light skin tone		People & Body	🙇	medium-light
🙇🏽	person bowing: medium skin tone		People & Body	🙇	medium
🙇🏾	person bowing: medium-dark skin tone		People & Body	🙇	medium-dark
🙇🏿	person bowing: dark skin tone		People & Body	🙇	dark
🙇‍♂️	man bowing	bowing_man	People & Body	🙇‍♂️	default
🙇🏻‍♂️	man bowing: light skin tone		People & Body	🙇‍♂️	light
🙇🏼‍♂️	man bowing: medium-light skin tone		People & Body	🙇‍♂️	medium-light
🙇🏽‍♂️	man bowing: medium skin tone		People & Body	🙇‍♂️	medium
🙇🏾‍♂️	man bowing: medium-dark skin tone		People & Body	🙇‍♂️	medium-dark
🙇🏿‍♂️	man bowing: dark skin tone		People & Body	🙇‍♂️	dark
🙇‍♀️	woman bowing	bowing_woman	People & Body	🙇‍♀️	default
🙇🏻‍♀️	woman bowing: light skin tone		People & Body	🙇‍♀️	light
🙇🏼‍♀️	woman bowing: medium-light skin tone		People & Body	🙇‍♀️	medium-light
🙇🏽‍♀️	woman bowing: medium skin tone		People & Body	🙇‍♀️	medium
🙇🏾‍♀️	woman bowing: medium-dark skin tone		People & Body	🙇‍♀️	medium-dark
🙇🏿‍♀️	woman bowing: dark skin tone		People & Body	🙇‍♀️	dark
🤦	person facepalming	facepalm	People & Body	🤦	default
🤦🏻	person facepalming: light skin tone		People & Body	🤦	light
🤦🏼	person facepalming: medium-light skin tone		People & Body	🤦	medium-light
🤦🏽	person facepalming: medium skin tone		People & Body	🤦	medium
🤦🏾	person facepalming: medium-dark skin tone		People & Body	🤦	medium-dark
🤦🏿	person facepalming: dark skin tone		People & Body	🤦	dark
🤦‍♂️	man facepalming	man_facepalming	People & Body	🤦‍♂️	default
🤦🏻‍♂️	man facepalming: light skin tone		People & Body	🤦‍♂️	light
🤦🏼‍♂️	man facepalming: medium-light skin tone		People & Body	🤦‍♂️	medium-light
🤦🏽‍♂️	man facepalming: medium skin tone		People & Body	🤦‍♂️	medium
🤦🏾‍♂️	man facepalming: medium-dark skin tone		People & Body	🤦‍♂️	medium-dark
🤦🏿‍♂️	man facepalming: dark skin tone		People & Body	🤦‍♂️	dark
🤦‍♀️	woman facepalming	woman_facepalming	People & Body	🤦‍♀️	default
🤦🏻‍♀️	woman facepalming: light skin tone		People & Body	🤦‍♀️	light
🤦🏼‍♀️	woman facepalming: medium-light skin tone		People & Body	🤦‍♀️	medium-light
🤦🏽‍♀️	woman facepalming: medium skin tone		People & Body	🤦‍♀️	medium
🤦🏾‍♀️	woman facepalming: medium-dark skin tone		People & Body	🤦‍♀️	medium-dark
🤦🏿‍♀️	woman facepalming: dark skin tone		People & Body	🤦‍♀️	dark
🤷	person shrugging	shrug	People & Body	🤷	default
🤷🏻	person shrugging: light skin tone		People & Body	🤷	light
🤷🏼	person shrugging: medium-light skin tone		People & Body	🤷	medium-light
🤷🏽	person shrugging: medium skin tone		People & Body	🤷	medium
🤷🏾	person shrugging: medium-dark skin tone		People & Body	🤷	medium-dark
🤷🏿	person shrugging: dark skin tone		People & Body	🤷	dark
🤷‍♂️	man shrugging	man_shrugging	People & Body	🤷‍♂️	default
🤷🏻‍♂️	man shrugging: light skin tone		People & Body	🤷‍♂️	light
🤷🏼‍♂️	man shrugging: medium-light skin tone		People & Body	🤷‍♂️	medium-light
🤷🏽‍♂️	man shrugging: medium skin tone		People & Body	🤷‍♂️	medium
🤷🏾‍♂️	man shrugging: medium-dark skin tone		People & Body	🤷‍♂️	medium-dark
🤷🏿‍♂️	man shrugging: dark skin tone		People & Body	🤷‍♂️	dark
🤷‍♀️	woman shrugging	woman_shrugging	People & Body	🤷‍♀️	default
🤷🏻‍♀️	woman shrugging: light skin tone		People & Body	🤷‍♀️	light
🤷🏼‍♀️	woman shrugging: medium-light skin tone		People & Body	🤷‍♀️	medium-light
🤷🏽‍♀️	woman shrugging: medium skin tone		People & Body	🤷‍♀️	medium
🤷🏾‍♀️	woman shrugging: medium-dark skin tone		People & Body	🤷‍♀️	medium-dark
🤷🏿‍♀️	woman shrugging: dark skin tone		People & Body	🤷‍♀️	dark
🧑‍⚕️	health worker	health_worker	People & Body	🧑‍⚕️	default
🧑🏻‍⚕️	health worker: light skin tone		People & Body	🧑‍⚕️	light
🧑🏼‍⚕️	health worker: medium-light skin tone		People & Body	🧑‍⚕️	medium-light
🧑🏽‍⚕️	health worker: medium skin tone		People & Body	🧑‍⚕️	medium
🧑🏾‍⚕️	health worker: medium-dark skin tone		People & Body	🧑‍⚕️	medium-dark
🧑🏿‍⚕️	health worker: dark skin tone		People & Body	🧑‍⚕️	dark
👨‍⚕️	man health worker	man_health_worker	People & Body	👨‍⚕️	default
👨🏻‍⚕️	man health worker: light skin tone		People & Body	👨‍⚕️	light
👨🏼‍⚕️	man health worker: medium-light skin tone		People & Body	👨‍⚕️	medium-light
👨🏽‍⚕️	man health worker: medium skin tone		People & Body	👨‍⚕️	medium
👨🏾‍⚕️	man health worker: medium-dark skin tone		People & Body	👨‍⚕️	medium-dark
👨🏿‍⚕️	man health worker: dark skin tone		People & Body	👨‍⚕️	dark
👩‍⚕️	woman health worker	woman_health_worker	People & Body	👩‍⚕️	default
👩🏻‍⚕️	woman health worker: light skin tone		People & Body	👩‍⚕️	light
👩🏼‍⚕️	woman health worker: medium-light skin tone		People & Body	👩‍⚕️	medium-light
👩🏽‍⚕️	woman health worker: medium skin tone		People & Body	👩‍⚕️	medium
👩🏾‍⚕️	woman health worker: medium-dark skin tone		People & Body	👩‍⚕️	medium-dark
👩🏿‍⚕️	woman health worker: dark skin tone		People & Body	👩‍⚕️	dark
🧑‍🎓	student	student	People & Body	🧑‍🎓	default
🧑🏻‍🎓	student: light skin tone		People & Body	🧑‍🎓	light
🧑🏼‍🎓	student: medium-light skin tone		People & Body	🧑‍🎓	medium-light
🧑🏽‍🎓	student: medium skin tone		People & Body	🧑‍🎓	medium
🧑🏾‍🎓	student: medium-dark skin tone		People & Body	🧑‍🎓	medium-dark
🧑🏿‍🎓	student: dark skin tone		People & Body	🧑‍🎓	dark
👨‍🎓	man student	man_student	People & Body	👨‍🎓	default
👨🏻‍🎓	man student: light skin tone		People & Body	👨‍🎓	light
👨🏼‍🎓	man student: medium-light skin tone		People & Body	👨‍🎓	medium-light
👨🏽‍🎓	man student: medium skin tone		People & Body	👨‍🎓	medium
👨🏾‍🎓	man student: medium-dark skin tone		People & Body	👨‍🎓	medium-dark
👨🏿‍🎓	man student: dark skin tone		People & Body	👨‍🎓	dark
👩‍🎓	woman student	woman_student	People & Body	👩‍🎓	default
👩🏻‍🎓	woman student: light skin tone		People & Body	👩‍🎓	light
👩🏼‍🎓	woman student: medium-light skin tone		People & Body	👩‍🎓	medium-light
👩🏽‍🎓	woman student: medium skin tone		People & Body	👩‍🎓	medium
👩🏾‍🎓	woman student: medium-dark skin tone		People & Body	👩‍🎓	medium-dark
👩🏿‍🎓	woman student: dark skin tone		People & Body	👩‍🎓	dark
🧑‍🏫	teacher	teacher	People & Body	🧑‍🏫	default
🧑🏻‍🏫	teacher: light skin tone		People & Body	🧑‍🏫	light
🧑🏼‍🏫	teacher: medium-light skin tone		People & Body	🧑‍🏫	medium-light
🧑🏽‍🏫	teacher: medium skin tone		People & Body	🧑‍🏫	medium
🧑🏾‍🏫	teacher: medium-dark skin tone		People & Body	🧑‍🏫	medium-dark
🧑🏿‍🏫	teacher: dark skin tone		People & Body	🧑‍🏫	dark
👨‍🏫	man teacher	man_teacher	People & Body	👨‍🏫	default
👨🏻‍🏫	man teacher: light skin tone		People & Body	👨‍🏫	light
👨🏼‍🏫	man teacher: medium-light skin tone		People & Body	👨‍🏫	medium-light
👨🏽‍🏫	man teacher: medium skin tone		People & Body	👨‍🏫	medium
👨🏾‍🏫	man teacher: medium-dark skin tone		People & Body	👨‍🏫	medium-dark
👨🏿‍🏫	man teacher: dark skin tone		People & Body	👨‍🏫	dark
👩‍🏫	woman teacher	woman_teacher	People & Body	👩‍🏫	default
👩🏻‍🏫	woman teacher: light skin tone		People & Body	👩‍🏫	light
👩🏼‍🏫	woman teacher: medium-light skin tone		People & Body	👩‍🏫	medium-light
👩🏽‍🏫	woman teacher: medium skin tone		People & Body	👩‍🏫	medium
👩🏾‍🏫	woman teacher: medium-dark skin tone		People & Body	👩‍🏫	medium-dark
👩🏿‍🏫	woman teacher: dark skin tone		People & Body	👩‍🏫	dark
🧑‍⚖️	judge	judge	People & Body	🧑‍⚖️	default
🧑🏻‍⚖️	judge: light skin tone		People & Body	🧑‍⚖️	light
🧑🏼‍⚖️	judge: medium-light skin tone		People & Body	🧑‍⚖️	medium-light
🧑🏽‍⚖️	judge: medium skin tone		People & Body	🧑‍⚖️	medium
🧑🏾‍⚖️	judge: medium-dark skin tone		People & Body	🧑‍⚖️	medium-dark
🧑🏿‍⚖️	judge: dark skin tone		People & Body	🧑‍⚖️	dark
👨‍⚖️	man judge	man_judge	People & Body	👨‍⚖️	default
👨🏻‍⚖️	man judge: light skin tone		People & Body	👨‍⚖️	light
👨🏼‍⚖️	man judge: medium-light skin tone		People & Body	👨‍⚖️	medium-light
👨🏽‍⚖️	man judge: medium skin tone		People & Body	👨‍⚖️	medium
👨🏾‍⚖️	man judge: medium-dark skin tone		People & Body	👨‍⚖️	medium-dark
👨🏿‍⚖️	man judge: dark skin tone		People & Body	👨‍⚖️	dark
👩‍⚖️	woman judge	woman_judge	People & Body	👩‍⚖️	default
👩🏻‍⚖️	woman judge: light skin tone		People & Body	👩‍⚖️	light
👩🏼‍⚖️	woman judge: medium-light skin tone		People & Body	👩‍⚖️	medium-light
👩🏽‍⚖️	woman judge: medium skin tone		People & Body	👩‍⚖️	medium
👩🏾‍⚖️	woman judge: medium-dark skin tone		People & Body	👩‍⚖️	medium-dark
👩🏿‍⚖️	woman judge: dark skin tone		People & Body	👩‍⚖️	dark
🧑‍🌾	farmer	farmer	People & Body	🧑‍🌾	default
🧑🏻‍🌾	farmer: light skin tone		People & Body	🧑‍🌾	light
🧑🏼‍🌾	farmer: medium-light skin tone		People & Body	🧑‍🌾	medium-light
🧑🏽‍🌾	farmer: medium skin tone		People & Body	🧑‍🌾	medium
🧑🏾‍🌾	farmer: medium-dark skin tone		People & Body	🧑‍🌾	medium-dark
🧑🏿‍🌾	farmer: dark skin tone		People & Body	🧑‍🌾	dark
👨‍🌾	man farmer	man_farmer	People & Body	👨‍🌾	default
👨🏻‍🌾	man farmer: light skin tone		People & Body	👨‍🌾	light
👨🏼‍🌾	man farmer: medium-light skin tone		People & Body	👨‍🌾	medium-light
👨🏽‍🌾	man farmer: medium skin tone		People & Body	👨‍🌾	medium
👨🏾‍🌾	man farmer: medium-dark skin tone		People & Body	👨‍🌾	medium-dark
👨🏿‍🌾	man farmer: dark skin tone		People & Body	👨‍🌾	dark
👩‍🌾	woman farmer	woman_farmer	People & Body	👩‍🌾	default
👩🏻‍🌾	woman farmer: light skin tone		People & Body	👩‍🌾	light
👩🏼‍🌾	woman farmer: medium-light skin tone		People & Body	👩‍🌾	medium-light
👩🏽‍🌾	woman farmer: medium skin tone		People & Body	👩‍🌾	medium
👩🏾‍🌾	woman farmer: medium-dark skin tone		People & Body	👩‍🌾	medium-dark
👩🏿‍🌾	woman farmer: dark skin tone		People & Body	👩‍🌾	dark
🧑‍🍳	cook	cook	People & Body	🧑‍🍳	default
🧑🏻‍🍳	cook: light skin tone		People & Body	🧑‍🍳	light
🧑🏼‍🍳	cook: medium-light skin tone		People & Body	🧑‍🍳	medium-light
🧑🏽‍🍳	cook: medium skin tone		People & Body	🧑‍🍳	medium
🧑🏾‍🍳	cook: medium-dark skin tone		People & Body	🧑‍🍳	medium-dark
🧑🏿‍🍳	cook: dark skin tone		People & Body	🧑‍🍳	dark
👨‍🍳	man cook	man_cook	People & Body	👨‍🍳	default
👨🏻‍🍳	man cook: light skin tone		People & Body	👨‍🍳	light
👨🏼‍🍳	man cook: medium-light skin tone		People & Body	👨‍🍳	medium-light
👨🏽‍🍳	man cook: medium skin tone		People & Body	👨‍🍳	medium
👨🏾‍🍳	man cook: medium-dark skin tone		People & Body	👨‍🍳	medium-dark
👨🏿‍🍳	man cook: dark skin tone		People & Body	👨‍🍳	dark
👩‍🍳	woman cook	woman_cook	People & Body	👩‍🍳	default
👩🏻‍🍳	woman cook: light skin tone		People & Body	👩‍🍳	light
👩🏼‍🍳	woman cook: medium-light skin tone		People & Body	👩‍🍳	medium-light
👩🏽‍🍳	woman cook: medium skin tone		People & Body	👩‍🍳	medium
👩🏾‍🍳	woman cook: medium-dark skin tone		People & Body	👩‍🍳	medium-dark
👩🏿‍🍳	woman cook: dark skin tone		People & Body	👩‍🍳	dark
🧑‍🔧	mechanic	mechanic	People & Body	🧑‍🔧	default
🧑🏻‍🔧	mechanic: light skin tone		People & Body	🧑‍🔧	light
🧑🏼‍🔧	mechanic: medium-light skin tone		People & Body	🧑‍🔧	medium-light
🧑🏽‍🔧	mechanic: medium skin tone		People & Body	🧑‍🔧	medium
🧑🏾‍🔧	mechanic: medium-dark skin tone		People & Body	🧑‍🔧	medium-dark
🧑🏿‍🔧	mechanic: dark skin tone		People & Body	🧑‍🔧	dark
👨‍🔧	man mechanic	man_mechanic	People & Body	👨‍🔧	default
👨🏻‍🔧	man mechanic: light skin tone		People & Body	👨‍🔧	light
👨🏼‍🔧	man mechanic: medium-light skin tone		People & Body	👨‍🔧	medium-light
👨🏽‍🔧	man mechanic: medium skin tone		People & Body	👨‍🔧	medium
👨🏾‍🔧	man mechanic: medium-dark skin tone		People & Body	👨‍🔧	medium-dark
👨🏿‍🔧	man mechanic: dark skin tone		People & Body	👨‍🔧	dark
👩‍🔧	woman mechanic	woman_mechanic	People & Body	👩‍🔧	default
👩🏻‍🔧	woman mechanic: light skin tone		People & Body	👩‍🔧	light
👩🏼‍🔧	woman mechanic: medium-light skin tone		People & Body	👩‍🔧	medium-light
👩🏽‍🔧	woman mechanic: medium skin tone		People & Body	👩‍🔧	medium
👩🏾‍🔧	woman mechanic: medium-dark skin tone		People & Body	👩‍🔧	medium-dark
👩🏿‍🔧	woman mechanic: dark skin tone		People & Body	👩‍🔧	dark
🧑‍🏭	factory worker	factory_worker	People & Body	🧑‍🏭	default
🧑🏻‍🏭	factory worker: light skin tone		People & Body	🧑‍🏭	light
🧑🏼‍🏭	factory worker: medium-light skin tone		People & Body	🧑‍🏭	medium-light
🧑🏽‍🏭	factory worker: medium skin tone		People & Body	🧑‍🏭	medium
🧑🏾‍🏭	factory worker: medium-dark skin tone		People & Body	🧑‍🏭	medium-dark
🧑🏿‍🏭	factory worker: dark skin tone		People & Body	🧑‍🏭	dark
👨‍🏭	man factory worker	man_factory_worker	People & Body	👨‍🏭	default
👨🏻‍🏭	man factory worker: light skin tone		People & Body	👨‍🏭	light
👨🏼‍🏭	man factory worker: medium-light skin tone		People & Body	👨‍🏭	medium-light
👨🏽‍🏭	man factory worker: medium skin tone		People & Body	👨‍🏭	medium
👨🏾‍🏭	man factory worker: medium-dark skin tone		People & Body	👨‍🏭	medium-dark
👨🏿‍🏭	man factory worker: dark skin tone		People & Body	👨‍🏭	dark
👩‍🏭	woman factory worker	woman_factory_worker	People & Body	👩‍🏭	default
👩🏻‍🏭	woman factory worker: light skin tone		People & Body	👩‍🏭	light
👩🏼‍🏭	woman factory worker: medium-light skin tone		People & Body	👩‍🏭	medium-light
👩🏽‍🏭	woman factory worker: medium skin tone		People & Body	👩‍🏭	medium
👩🏾‍🏭	woman factory worker: medium-dark skin tone		People & Body	👩‍🏭	medium-dark
👩🏿‍🏭	woman factory worker: dark skin tone		People & Body	👩‍🏭	dark
🧑‍💼	office worker	office_worker	People & Body	🧑‍💼	default
🧑🏻‍💼	office worker: light skin tone		People & Body	🧑‍💼	light
🧑🏼‍💼	office worker: medium-light skin tone		People & Body	🧑‍💼	medium-light
🧑🏽‍💼	office worker: medium skin tone		People & Body	🧑‍💼	medium
🧑🏾‍💼	office worker: medium-dark skin tone		People & Body	🧑‍💼	medium-dark
🧑🏿‍💼	office worker: dark skin tone		People & Body	🧑‍💼	dark
👨‍💼	man office worker	man_office_worker	People & Body	👨‍💼	default
👨🏻‍💼	man office worker: light skin tone		People & Body	👨‍💼	light
👨🏼‍💼	man office worker: medium-light skin tone		People & Body	👨‍💼	medium-light
👨🏽‍💼	man office worker: medium skin tone		People & Body	👨‍💼	medium
👨🏾‍💼	man office worker: medium-dark skin tone		People & Body	👨‍💼	medium-dark
👨🏿‍💼	man office worker: dark skin tone		People & Body	👨‍💼	dark
👩‍💼	woman office worker	woman_office_worker	People & Body	👩‍💼	default
👩🏻‍💼	woman office worker: light skin tone		People & Body	👩‍💼	light
👩🏼‍💼	woman office worker: medium-light skin tone		People & Body	👩‍💼	medium-light
👩🏽‍💼	woman office worker: medium skin tone		People & Body	👩‍💼	medium
👩🏾‍💼	woman office worker: medium-dark skin tone		People & Body	👩‍💼	medium-dark
👩🏿‍💼	woman office worker: dark skin tone		People & Body	👩‍💼	dark
🧑‍🔬	scientist	scientist	People & Body	🧑‍🔬	default
🧑🏻‍🔬	scientist: light skin tone		People & Body	🧑‍🔬	light
🧑🏼‍🔬	scientist: medium-light skin tone		People & Body	🧑‍🔬	medium-light
🧑🏽‍🔬	scientist: medium skin tone		People & Body	🧑‍🔬	medium
🧑🏾‍🔬	scientist: medium-dark skin tone		People & Body	🧑‍🔬	medium-dark
🧑🏿‍🔬	scientist: dark skin tone		People & Body	🧑‍🔬	dark
👨‍🔬	man scientist	man_scientist	People & Body	👨‍🔬	default
👨🏻‍🔬	man scientist: light skin tone		People & Body	👨‍🔬	light
👨🏼‍🔬	man scientist: medium-light skin tone		People & Body	👨‍🔬	medium-light
👨🏽‍🔬	man scientist: medium skin tone		People & Body	👨‍🔬	medium
👨🏾‍🔬	man scientist: medium-dark skin tone		People & Body	👨‍🔬	medium-dark
👨🏿‍🔬	man scientist: dark skin tone		People & Body	👨‍🔬	dark
👩‍🔬	woman scientist	woman_scientist	People & Body	👩‍🔬	default
👩🏻‍🔬	woman scientist: light skin tone		People & Body	👩‍🔬	light
👩🏼‍🔬	woman scientist: medium-light skin tone		People & Body	👩‍🔬	medium-light
👩🏽‍🔬	woman scientist: medium skin tone		People & Body	👩‍🔬	medium
👩🏾‍🔬	woman scientist: medium-dark skin tone		People & Body	👩‍🔬	medium-dark
👩🏿‍🔬	woman scientist: dark skin tone		People & Body	👩‍🔬	dark
🧑‍💻	technologist	technologist	People & Body	🧑‍💻	default
🧑🏻‍💻	technologist: light skin tone		People & Body	🧑‍💻	light
🧑🏼‍💻	technologist: medium-light skin tone		People & Body	🧑‍💻	medium-light
🧑🏽‍💻	technologist: medium skin tone		People & Body	🧑‍💻	medium
🧑🏾‍💻	technologist: medium-dark skin tone		People & Body	🧑‍💻	medium-dark
🧑🏿‍💻	technologist: dark skin tone		People & Body	🧑‍💻	dark
👨‍💻	man technologist	man_technologist	People & Body	👨‍💻	default
👨🏻‍💻	man technologist: light skin tone		People & Body	👨‍💻	light
👨🏼‍💻	man technologist: medium-light skin tone		People & Body	👨‍💻	medium-light
👨🏽‍💻	man technologist: medium skin tone		People & Body	👨‍💻	medium
👨🏾‍💻	man technologist: medium-dark skin tone		People & Body	👨‍💻	medium-dark
👨🏿‍💻	man technologist: dark skin tone		People & Body	👨‍💻	dark
👩‍💻	woman technologist	woman_technologist	People & Body	👩‍💻	default
👩🏻‍💻	woman technologist: light skin tone		People & Body	👩‍💻	light
👩🏼‍💻	woman technologist: medium-light skin tone		People & Body	👩‍💻	medium-light
👩🏽‍💻	woman technologist: medium skin tone		People & Body	👩‍💻	medium
👩🏾‍💻	woman technologist: medium-dark skin tone		People & Body	👩‍💻	medium-dark
👩🏿‍💻	woman technologist: dark skin tone		People & Body	👩‍💻	dark
🧑‍🎤	singer	singer	People & Body	🧑‍🎤	default
🧑🏻‍🎤	singer: light skin tone		People & Body	🧑‍🎤	light
🧑🏼‍🎤	singer: medium-light skin tone		People & Body	🧑‍🎤	medium-light
🧑🏽‍🎤	singer: medium skin tone		People & Body	🧑‍🎤	medium
🧑🏾‍🎤	singer: medium-dark skin tone		People & Body	🧑‍🎤	medium-dark
🧑🏿‍🎤	singer: dark skin tone		People & Body	🧑‍🎤	dark
👨‍🎤	man singer	man_singer	People & Body	👨‍🎤	default
👨🏻‍🎤	man singer: light skin tone		People & Body	👨‍🎤	light
👨🏼‍🎤	man singer: medium-light skin tone		People & Body	👨‍🎤	medium-light
👨🏽‍🎤	man singer: medium skin tone		People & Body	👨‍🎤	medium
👨🏾‍🎤	man singer: medium-dark skin tone		People & Body	👨‍🎤	medium-dark
👨🏿‍🎤	man singer: dark skin tone		People & Body	👨‍🎤	dark
👩‍🎤	woman singer	woman_singer	People & Body	👩‍🎤	default
👩🏻‍🎤	woman singer: light skin tone		People & Body	👩‍🎤	light
👩🏼‍🎤	woman singer: medium-light skin tone		People & Body	👩‍🎤	medium-light
👩🏽‍🎤	woman singer: medium skin tone		People & Body	👩‍🎤	medium
👩🏾‍🎤	woman singer: medium-dark skin tone		People & Body	👩‍🎤	medium-dark
👩🏿‍🎤	woman singer: dark skin tone		People & Body	👩‍🎤	dark
🧑‍🎨	artist	artist	People & Body	🧑‍🎨	default
🧑🏻‍🎨	artist: light skin tone		People & Body	🧑‍🎨	light
🧑🏼‍🎨	artist: medium-light skin tone		People & Body	🧑‍🎨	medium-light
🧑🏽‍🎨	artist: medium skin tone		People & Body	🧑‍🎨	medium
🧑🏾‍🎨	artist: medium-dark skin tone		People & Body	🧑‍🎨	medium-dark
🧑🏿‍🎨	artist: dark skin tone		People & Body	🧑‍🎨	dark
👨‍🎨	man artist	man_artist	People & Body	👨‍🎨	default
👨🏻‍🎨	man artist: light skin tone		People & Body	👨‍🎨	light
👨🏼‍🎨	man artist: medium-light skin tone		People & Body	👨‍🎨	medium-light
👨🏽‍🎨	man artist: medium skin tone		People & Body	👨‍🎨	medium
👨🏾‍🎨	man artist: medium-dark skin tone		People & Body	👨‍🎨	medium-dark
👨🏿‍🎨	man artist: dark skin tone		People & Body	👨‍🎨	dark
👩‍🎨	woman artist	woman_artist	People & Body	👩‍🎨	default
👩🏻‍🎨	woman artist: light skin tone		People & Body	👩‍🎨	light
👩🏼‍🎨	woman artist: medium-light skin tone		People & Body	👩‍🎨	medium-light
👩🏽‍🎨	woman artist: medium skin tone		People & Body	👩‍🎨	medium
👩🏾‍🎨	woman artist: medium-dark skin tone		People & Body	👩‍🎨	medium-dark
👩🏿‍🎨	woman artist: dark skin tone		People & Body	👩‍🎨	dark
🧑‍✈️	pilot	pilot	People & Body	🧑‍✈️	default
🧑🏻‍✈️	pilot: light skin tone		People & Body	🧑‍✈️	light
🧑🏼‍✈️	pilot: medium-light skin tone		People & Body	🧑‍✈️	medium-light
🧑🏽‍✈️	pilot: medium skin tone		People & Body	🧑‍✈️	medium
🧑🏾‍✈️	pilot: medium-dark skin tone		People & Body	🧑‍✈️	medium-dark
🧑🏿‍✈️	pilot: dark skin tone		People & Body	🧑‍✈️	dark
👨‍✈️	man pilot	man_pilot	People & Body	👨‍✈️	default
👨🏻‍✈️	man pilot: light skin tone		People & Body	👨‍✈️	light
👨🏼‍✈️	man pilot: medium-light skin tone		People & Body	👨‍✈️	medium-light
👨🏽‍✈️	man pilot: medium skin tone		People & Body	👨‍✈️	medium
👨🏾‍✈️	man pilot: medium-dark skin tone		People & Body	👨‍✈️	medium-dark
👨🏿‍✈️	man pilot: dark skin tone		People & Body	👨‍✈️	dark
👩‍✈️	woman pilot	woman_pilot	People & Body	👩‍✈️	default
👩🏻‍✈️	woman pilot: light skin tone		People & Body	👩‍✈️	light
👩🏼‍✈️	woman pilot: medium-light skin tone		People & Body	👩‍✈️	medium-light
👩🏽‍✈️	woman pilot: medium skin tone		People & Body	👩‍✈️	medium
👩🏾‍✈️	woman pilot: medium-dark skin tone		People & Body	👩‍✈️	medium-dark
👩🏿‍✈️	woman pilot: dark skin tone		People & Body	👩‍✈️	dark
🧑‍🚀	astronaut	astronaut	People & Body	🧑‍🚀	default
🧑🏻‍🚀	astronaut: light skin tone		People & Body	🧑‍🚀	light
🧑🏼‍🚀	astronaut: medium-light skin tone		People & Body	🧑‍🚀	medium-light
🧑🏽‍🚀	astronaut: medium skin tone		People & Body	🧑‍🚀	medium
🧑🏾‍🚀	astronaut: medium-dark skin tone		People & Body	🧑‍🚀	medium-dark
🧑🏿‍🚀	astronaut: dark skin tone		People & Body	🧑‍🚀	dark
👨‍🚀	man astronaut	man_astronaut	People & Body	👨‍🚀	default
👨🏻‍🚀	man astronaut: light skin tone		People & Body	👨‍🚀	light
👨🏼‍🚀	man astronaut: medium-light skin tone		People & Body	👨‍🚀	medium-light
👨🏽‍🚀	man astronaut: medium skin tone		People & Body	👨‍🚀	medium
👨🏾‍🚀	man astronaut: medium-dark skin tone		People & Body	👨‍🚀	medium-dark
👨🏿‍🚀	man astronaut: dark skin tone		People & Body	👨‍🚀	dark
👩‍🚀	woman astronaut	woman_astronaut	People & Body	👩‍🚀	default
👩🏻‍🚀	woman astronaut: light skin tone		People & Body	👩‍🚀	light
👩🏼‍🚀	woman astronaut: medium-light skin tone		People & Body	👩‍🚀	medium-light
👩🏽‍🚀	woman astronaut: medium skin tone		People & Body	👩‍🚀	medium
👩🏾‍🚀	woman astronaut: medium-dark skin tone		People & Body	👩‍🚀	medium-dark
👩🏿‍🚀	woman astronaut: dark skin tone		People & Body	👩‍🚀	dark
🧑‍🚒	firefighter	firefighter	People & Body	🧑‍🚒	default
🧑🏻‍🚒	firefighter: light skin tone		People & Body	🧑‍🚒	light
🧑🏼‍🚒	firefighter: medium-light skin tone		People & Body	🧑‍🚒	medium-light
🧑🏽‍🚒	firefighter: medium skin tone		People & Body	🧑‍🚒	medium
🧑🏾‍🚒	firefighter: medium-dark skin tone		People & Body	🧑‍🚒	medium-dark
🧑🏿‍🚒	firefighter: dark skin tone		People & Body	🧑‍🚒	dark
👨‍🚒	man firefighter	man_firefighter	People & Body	👨‍🚒	default
👨🏻‍🚒	man firefighter: light skin tone		People & Body	👨‍🚒	light
👨🏼‍🚒	man firefighter: medium-light skin tone		People & Body	👨‍🚒	medium-light
👨🏽‍🚒	man firefighter: medium skin tone		People & Body	👨‍🚒	medium
👨🏾‍🚒	man firefighter: medium-dark skin tone		People & Body	👨‍🚒	medium-dark
👨🏿‍🚒	man firefighter: dark skin tone		People & Body	👨‍🚒	dark
👩‍🚒	woman firefighter	woman_firefighter	People & Body	👩‍🚒	default
👩🏻‍🚒	woman firefighter: light skin tone		People & Body	👩‍🚒	light
👩🏼‍🚒	woman firefighter: medium-light skin tone		People & Body	👩‍🚒	medium-light
👩🏽‍🚒	woman firefighter: medium skin tone		People & Body	👩‍🚒	medium
👩🏾‍🚒	woman firefighter: medium-dark skin tone		People & Body	👩‍🚒	medium-dark
👩🏿‍🚒	woman firefighter: dark skin tone		People & Body	👩‍🚒	dark
👮	police officer	police_officer cop	People & Body	👮	default
👮🏻	police officer: light skin tone		People & Body	👮	light
👮🏼	police officer: medium-light skin tone		People & Body	👮	medium-light
👮🏽	police officer: medium skin tone		People & Body	👮	medium
👮🏾	police officer: medium-dark skin tone		People & Body	👮	medium-dark
👮🏿	police officer: dark skin tone		People & Body	👮	dark
👮‍♂️	man police officer	policeman	People & Body	👮‍♂️	default
👮🏻‍♂️	man police officer: light skin tone		People & Body	👮‍♂️	light
👮🏼‍♂️	man police officer: medium-light skin tone		People & Body	👮‍♂️	medium-light
👮🏽‍♂️	man police officer: medium skin tone		People & Body	👮‍♂️	medium
👮🏾‍♂️	man police officer: medium-dark skin tone		People & Body	👮‍♂️	medium-dark
👮🏿‍♂️	man police officer: dark skin tone		People & Body	👮‍♂️	dark
👮‍♀️	woman police officer	policewoman	People & Body	👮‍♀️	default
👮🏻‍♀️	woman police officer: light skin tone		People & Body	👮‍♀️	light
👮🏼‍♀️	woman police officer: medium-light skin tone		People & Body	👮‍♀️	medium-light
👮🏽‍♀️	woman police officer: medium skin tone		People & Body	👮‍♀️	medium
👮🏾‍♀️	woman police officer: medium-dark skin tone		People & Body	👮‍♀️	medium-dark
👮🏿‍♀️	woman police officer: dark skin tone		People & Body	👮‍♀️	dark
🕵️	detective	detective	People & Body	🕵️	default
🕵🏻	detective: light skin tone		People & Body	🕵️	light
🕵🏼	detective: medium-light skin tone		People & Body	🕵️	medium-light
🕵🏽	detective: medium skin tone		People & Body	🕵️	medium
🕵🏾	detective: medium-dark skin tone		People & Body	🕵️	medium-dark
🕵🏿	detective: dark skin tone		People & Body	🕵️	dark
🕵️‍♂️	man detective	male_detective	People & Body	🕵️‍♂️	default
🕵🏻‍♂️	man detective: light skin tone		People & Body	🕵️‍♂️	light
🕵🏼‍♂️	man detective: medium-light skin tone		People & Body	🕵️‍♂️	medium-light
🕵🏽‍♂️	man detective: medium skin tone		People & Body	🕵️‍♂️	medium
🕵🏾‍♂️	man detective: medium-dark skin tone		People & Body	🕵️‍♂️	medium-dark
🕵🏿‍♂️	man detective: dark skin tone		People & Body	🕵️‍♂️	dark
🕵️‍♀️	woman detective	female_detective	People & Body	🕵️‍♀️	default
🕵🏻‍♀️	woman detective: light skin tone		People & Body	🕵️‍♀️	light
🕵🏼‍♀️	woman detective: medium-light skin tone		People & Body	🕵️‍♀️	medium-light
🕵🏽‍♀️	woman detective: medium skin tone		People & Body	🕵️‍♀️	medium
🕵🏾‍♀️	woman detective: medium-dark skin tone		People & Body	🕵️‍♀️	medium-dark
🕵🏿‍♀️	woman detective: dark skin tone		People & Body	🕵️‍♀️	dark
💂	guard	guard	People & Body	💂	default
💂🏻	guard: light skin tone		People & Body	💂	light
💂🏼	guard: medium-light skin tone		People & Body	💂	medium-light
💂🏽	guard: medium skin tone		People & Body	💂	medium
💂🏾	guard: medium-dark skin tone		People & Body	💂	medium-dark
💂🏿	guard: dark skin tone		People & Body	💂	dark
💂‍♂️	man guard	guardsman	People & Body	💂‍♂️	default
💂🏻‍♂️	man guard: light skin tone		People & Body	💂‍♂️	light
💂🏼‍♂️	man guard: medium-light skin tone		People & Body	💂‍♂️	medium-light
💂🏽‍♂️	man guard: medium skin tone		People & Body	💂‍♂️	medium
💂🏾‍♂️	man guard: medium-dark skin tone		People & Body	💂‍♂️	medium-dark
💂🏿‍♂️	man guard: dark skin tone		People & Body	💂‍♂️	dark
💂‍♀️	woman guard	guardswoman	People & Body	💂‍♀️	default
💂🏻‍♀️	woman guard: light skin tone		People & Body	💂‍♀️	light
💂🏼‍♀️	woman guard: medium-light skin tone		People & Body	💂‍♀️	medium-light
💂🏽‍♀️	woman guard: medium skin tone		People & Body	💂‍♀️	medium
💂🏾‍♀️	woman guard: medium-dark skin tone		People & Body	💂‍♀️	medium-dark
💂🏿‍♀️	woman guard: dark skin tone		People & Body	💂‍♀️	dark
🥷	ninja	ninja	People & Body	🥷	default
🥷🏻	ninja: light skin tone		People & Body	🥷	light
🥷🏼	ninja: medium-light skin tone		People & Body	🥷	medium-light
🥷🏽	ninja: medium skin tone		People & Body	🥷	medium
🥷🏾	ninja: medium-dark skin tone		People & Body	🥷	medium-dark
🥷🏿	ninja: dark skin tone		People & Body	🥷	dark
👷	construction worker	construction_worker	People & Body	👷	default
👷🏻	construction worker: light skin tone		People & Body	👷	light
👷🏼	construction worker: medium-light skin tone		People & Body	👷	medium-light
👷🏽	construction worker: medium skin tone		People & Body	👷	medium
👷🏾	construction worker: medium-dark skin tone		People & Body	👷	medium-dark
👷🏿	construction worker: dark skin tone		People & Body	👷	dark
👷‍♂️	man construction worker	construction_worker_man	People & Body	👷‍♂️	default
👷🏻‍♂️	man construction worker: light skin tone		People & Body	👷‍♂️	light
👷🏼‍♂️	man construction worker: medium-light skin tone		People & Body	👷‍♂️	medium-light
👷🏽‍♂️	man construction worker: medium skin tone		People & Body	👷‍♂️	medium
👷🏾‍♂️	man construction worker: medium-dark skin tone		People & Body	👷‍♂️	medium-dark
👷🏿‍♂️	man construction worker: dark skin tone		People & Body	👷‍♂️	dark
👷‍♀️	woman construction worker	construction_worker_woman	People & Body	👷‍♀️	default
👷🏻‍♀️	woman construction worker: light skin tone		People & Body	👷‍♀️	light
👷🏼‍♀️	woman construction worker: medium-light skin tone		People & Body	👷‍♀️	medium-light
👷🏽‍♀️	woman construction worker: medium skin tone		People & Body	👷‍♀️	medium
👷🏾‍♀️	woman construction worker: medium-dark skin tone		People & Body	👷‍♀️	medium-dark
👷🏿‍♀️	woman construction worker: dark skin tone		People & Body	👷‍♀️	dark
🫅	person with crown	person_with_crown	People & Body	🫅	default
🫅🏻	person with crown: light skin tone		People & Body	🫅	light
🫅🏼	person with crown: medium-light skin tone		People & Body	🫅	medium-light
🫅🏽	person with crown: medium skin tone		People & Body	🫅	medium
🫅🏾	person with crown: medium-dark skin tone		People & Body	🫅	medium-dark
🫅🏿	person with crown: dark skin tone		People & Body	🫅	dark
🤴	prince	prince	People & Body	🤴	default
🤴🏻	prince: light skin tone		People & Body	🤴	light
🤴🏼	prince: medium-light skin tone		People & Body	🤴	medium-light
🤴🏽	prince: medium skin tone		People & Body	🤴	medium
🤴🏾	prince: medium-dark skin tone		People & Body	🤴	medium-dark
🤴🏿	prince: dark skin tone		People & Body	🤴	dark
👸	princess	princess	People & Body	👸	default
👸🏻	princess: light skin tone		People & Body	👸	light
👸🏼	princess: medium-light skin tone		People & Body	👸	medium-light
👸🏽	princess: medium skin tone		People & Body	👸	medium
👸🏾	princess: medium-dark skin tone		People & Body	👸	medium-dark
👸🏿	princess: dark skin tone		People & Body	👸	dark
👳	person wearing turban	person_with_turban	People & Body	👳	default
👳🏻	person wearing turban: light skin tone		People & Body	👳	light
👳🏼	person wearing turban: medium-light skin tone		People & Body	👳	medium-light
👳🏽	person wearing turban: medium skin tone		People & Body	👳	medium
👳🏾	person wearing turban: medium-dark skin tone		People & Body	👳	medium-dark
👳🏿	person wearing turban: dark skin tone		People & Body	👳	dark
👳‍♂️	man wearing turban	man_with_turban	People & Body	👳‍♂️	default
👳🏻‍♂️	man wearing turban: light skin tone		People & Body	👳‍♂️	light
👳🏼‍♂️	man wearing turban: medium-light skin tone		People & Body	👳‍♂️	medium-light
👳🏽‍♂️	man wearing turban: medium skin tone		People & Body	👳‍♂️	medium
👳🏾‍♂️	man wearing turban: medium-dark skin tone		People & Body	👳‍♂️	medium-dark
👳🏿‍♂️	man wearing turban: dark skin tone		People & Body	👳‍♂️	dark
👳‍♀️	woman wearing turban	woman_with_turban	People & Body	👳‍♀️	default
👳🏻‍♀️	woman wearing turban: light skin tone		People & Body	👳‍♀️	light
👳🏼‍♀️	woman wearing turban: medium-light skin tone		People & Body	👳‍♀️	medium-light
👳🏽‍♀️	woman wearing turban: medium skin tone		People & Body	👳‍♀️	medium
👳🏾‍♀️	woman wearing turban: medium-dark skin tone		People & Body	👳‍♀️	medium-dark
👳🏿‍♀️	woman wearing turban: dark skin tone		People & Body	👳‍♀️	dark
👲	person with skullcap	man_with_gua_pi_mao	People & Body	👲	default
👲🏻	person with skullcap: light skin tone		People & Body	👲	light
👲🏼	person with skullcap: medium-light skin tone		People & Body	👲	medium-light
👲🏽	person with skullcap: medium skin tone		People & Body	👲	medium
👲🏾	person with skullcap: medium-dark skin tone		People & Body	👲	medium-dark
👲🏿	person with skullcap: dark skin tone		People & Body	👲	dark
🧕	woman with headscarf	woman_with_headscarf	People & Body	🧕	default
🧕🏻	woman with headscarf: light skin tone		People & Body	🧕	light
🧕🏼	woman with headscarf: medium-light skin tone		People & Body	🧕	medium-light
🧕🏽	woman with headscarf: medium skin tone		People & Body	🧕	medium
🧕🏾	woman with headscarf: medium-dark skin tone		People & Body	🧕	medium-dark
🧕🏿	woman with headscarf: dark skin tone		People & Body	🧕	dark
🤵	person in tuxedo	person_in_tuxedo	People & Body	🤵	default
🤵🏻	person in tuxedo: light skin tone		People & Body	🤵	light
🤵🏼	person in tuxedo: medium-light skin tone		People & Body	🤵	medium-light
🤵🏽	person in tuxedo: medium skin tone		People & Body	🤵	medium
🤵🏾	person in tuxedo: medium-dark skin tone		People & Body	🤵	medium-dark
🤵🏿	person in tuxedo: dark skin tone		People & Body	🤵	dark
🤵‍♂️	man in tuxedo	man_in_tuxedo	People & Body	🤵‍♂️	default
🤵🏻‍♂️	man in tuxedo: light skin tone		People & Body	🤵‍♂️	light
🤵🏼‍♂️	man in tuxedo: medium-light skin tone		People & Body	🤵‍♂️	medium-light
🤵🏽‍♂️	man in tuxedo: medium skin tone		People & Body	🤵‍♂️	medium
🤵🏾‍♂️	man in tuxedo: medium-dark skin tone		People & Body	🤵‍♂️	medium-dark
🤵🏿‍♂️	man in tuxedo: dark skin tone		People & Body	🤵‍♂️	dark
🤵‍♀️	woman in tuxedo	woman_in_tuxedo	People & Body	🤵‍♀️	default
🤵🏻‍♀️	woman in tuxedo: light skin tone		People & Body	🤵‍♀️	light
🤵🏼‍♀️	woman in tuxedo: medium-light skin tone		People & Body	🤵‍♀️	medium-light
🤵🏽‍♀️	woman in tuxedo: medium skin tone		People & Body	🤵‍♀️	medium
🤵🏾‍♀️	woman in tuxedo: medium-dark skin tone		People & Body	🤵‍♀️	medium-dark
🤵🏿‍♀️	woman in tuxedo: dark skin tone		People & Body	🤵‍♀️	dark
👰	person with veil	person_with_veil	People & Body	👰	default
👰🏻	person with veil: light skin tone		People & Body	👰	light
👰🏼	person with veil: medium-light skin tone		People & Body	👰	medium-light
👰🏽	person with veil: medium skin tone		People & Body	👰	medium
👰🏾	person with veil: medium-dark skin tone		People & Body	👰	medium-dark
👰🏿	person with veil: dark skin tone		People & Body	👰	dark
👰‍♂️	man with veil	man_with_veil	People & Body	👰‍♂️	default
👰🏻‍♂️	man with veil: light skin tone		People & Body	👰‍♂️	light
👰🏼‍♂️	man with veil: medium-light skin tone		People & Body	👰‍♂️	medium-light
👰🏽‍♂️	man with veil: medium skin tone		People & Body	👰‍♂️	medium
👰🏾‍♂️	man with veil: medium-dark skin tone		People & Body	👰‍♂️	medium-dark
👰🏿‍♂️	man with veil: dark skin tone		People & Body	👰‍♂️	dark
👰‍♀️	woman with veil	woman_with_veil bride_with_veil	People & Body	👰‍♀️	default
👰🏻‍♀️	woman with veil: light skin tone		People & Body	👰‍♀️	light
👰🏼‍♀️	woman with veil: medium-light skin tone		People & Body	👰‍♀️	medium-light
👰🏽‍♀️	woman with veil: medium skin tone		People & Body	👰‍♀️	medium
👰🏾‍♀️	woman with veil: medium-dark skin tone		People & Body	👰‍♀️	medium-dark
👰🏿‍♀️	woman with veil: dark skin tone		People & Body	👰‍♀️	dark
🤰	pregnant woman	pregnant_woman	People & Body	🤰	default
🤰🏻	pregnant woman: light skin tone		People & Body	🤰	light
🤰🏼	pregnant woman: medium-light skin tone		People & Body	🤰	medium-light
🤰🏽	pregnant woman: medium skin tone		People & Body	🤰	medium
🤰🏾	pregnant woman: medium-dark skin tone		People & Body	🤰	medium-dark
🤰🏿	pregnant woman: dark skin tone		People & Body	🤰	dark
🫃	pregnant man	pregnant_man	People & Body	🫃	default
🫃🏻	pregnant man: light skin tone		People & Body	🫃	light
🫃🏼	pregnant man: medium-light skin tone		People & Body	🫃	medium-light
🫃🏽	pregnant man: medium skin tone		People & Body	🫃	medium
🫃🏾	pregnant man: medium-dark skin tone		People & Body	🫃	medium-dark
🫃🏿	pregnant man: dark skin tone		People & Body	🫃	dark
🫄	pregnant person	pregnant_person	People & Body	🫄	default
🫄🏻	pregnant person: light skin tone		People & Body	🫄	light
🫄🏼	pregnant person: medium-light skin tone		People & Body	🫄	medium-light
🫄🏽	pregnant person: medium skin tone		People & Body	🫄	medium
🫄🏾	pregnant person: medium-dark skin tone		People & Body	🫄	medium-dark
🫄🏿	pregnant person: dark skin tone		People & Body	🫄	dark
🤱	breast-feeding	breast_feeding	People & Body	🤱	default
🤱🏻	breast-feeding: light skin tone		People & Body	🤱	light
🤱🏼	breast-feeding: medium-light skin tone		People & Body	🤱	medium-light
🤱🏽	breast-feeding: medium skin tone		People & Body	🤱	medium
🤱🏾	breast-feeding: medium-dark skin tone		People & Body	🤱	medium-dark
🤱🏿	breast-feeding: dark skin tone		People & Body	🤱	dark
👩‍🍼	woman feeding baby	woman_feeding_baby	People & Body	👩‍🍼	default
👩🏻‍🍼	woman feeding baby: light skin tone		People & Body	👩‍🍼	light
👩🏼‍🍼	woman feeding baby: medium-light skin tone		People & Body	👩‍🍼	medium-light
👩🏽‍🍼	woman feeding baby: medium skin tone		People & Body	👩‍🍼	medium
👩🏾‍🍼	woman feeding baby: medium-dark skin tone		People & Body	👩‍🍼	medium-dark
👩🏿‍🍼	woman feeding baby: dark skin tone		People & Body	👩‍🍼	dark
👨‍🍼	man feeding baby	man_feeding_baby	People & Body	👨‍🍼	default
👨🏻‍🍼	man feeding baby: light skin tone		People & Body	👨‍🍼	light
👨🏼‍🍼	man feeding baby: medium-light skin tone		People & Body	👨‍🍼	medium-light
👨🏽‍🍼	man feeding baby: medium skin tone		People & Body	👨‍🍼	medium
👨🏾‍🍼	man feeding baby: medium-dark skin tone		People & Body	👨‍🍼	medium-dark
👨🏿‍🍼	man feeding baby: dark skin tone		People & Body	👨‍🍼	dark
🧑‍🍼	person feeding baby	person_feeding_baby	People & Body	🧑‍🍼	default
🧑🏻‍🍼	person feeding baby: light skin tone		People & Body	🧑‍🍼	light
🧑🏼‍🍼	person feeding baby: medium-light skin tone		People & Body	🧑‍🍼	medium-light
🧑🏽‍🍼	person feeding baby: medium skin tone		People & Body	🧑‍🍼	medium
🧑🏾‍🍼	person feeding baby: medium-dark skin tone		People & Body	🧑‍🍼	medium-dark
🧑🏿‍🍼	person feeding baby: dark skin tone		People & Body	🧑‍🍼	dark
👼	baby angel	angel	People & Body	👼	default
👼🏻	baby angel: light skin tone		People & Body	👼	light
👼🏼	baby angel: medium-light skin tone		People & Body	👼	medium-light
👼🏽	baby angel: medium skin tone		People & Body	👼	medium
👼🏾	baby angel: medium-dark skin tone		People & Body	👼	medium-dark
👼🏿	baby angel: dark skin tone		People & Body	👼	dark
🎅	Santa Claus	santa	People & Body	🎅	default
🎅🏻	Santa Claus: light skin tone		People & Body	🎅	light
🎅🏼	Santa Claus: medium-light skin tone		People & Body	🎅	medium-light
🎅🏽	Santa Claus: medium skin tone		People & Body	🎅	medium
🎅🏾	Santa Claus: medium-dark skin tone		People & Body	🎅	medium-dark
🎅🏿	Santa Claus: dark skin tone		People & Body	🎅	dark
🤶	Mrs. Claus	mrs_claus	People & Body	🤶	default
🤶🏻	Mrs. Claus: light skin tone		People & Body	🤶	light
🤶🏼	Mrs. Claus: medium-light skin tone		People & Body	🤶	medium-light
🤶🏽	Mrs. Claus: medium skin tone		People & Body	🤶	medium
🤶🏾	Mrs. Claus: medium-dark skin tone		People & Body	🤶	medium-dark
🤶🏿	Mrs. Claus: dark skin tone		People & Body	🤶	dark
🧑‍🎄	Mx Claus	mx_claus	People & Body	🧑‍🎄	default
🧑🏻‍🎄	Mx Claus: light skin tone		People & Body	🧑‍🎄	light
🧑🏼‍🎄	Mx Claus: medium-light skin tone		People & Body	🧑‍🎄	medium-light
🧑🏽‍🎄	Mx Claus: medium skin tone		People & Body	🧑‍🎄	medium
🧑🏾‍🎄	Mx Claus: medium-dark skin tone		People & Body	🧑‍🎄	medium-dark
🧑🏿‍🎄	Mx Claus: dark skin tone		People & Body	🧑‍🎄	dark
🦸	superhero	superhero	People & Body	🦸	default
🦸🏻	superhero: light skin tone		People & Body	🦸	light
🦸🏼	superhero: medium-light skin tone		People & Body	🦸	medium-light
🦸🏽	superhero: medium skin tone		People & Body	🦸	medium
🦸🏾	superhero: medium-dark skin tone		People & Body	🦸	medium-dark
🦸🏿	superhero: dark skin tone		People & Body	🦸	dark
🦸‍♂️	man superhero	superhero_man	People & Body	🦸‍♂️	default
🦸🏻‍♂️	man superhero: light skin tone		People & Body	🦸‍♂️	light
🦸🏼‍♂️	man superhero: medium-light skin tone		People & Body	🦸‍♂️	medium-light
🦸🏽‍♂️	man superhero: medium skin tone		People & Body	🦸‍♂️	medium
🦸🏾‍♂️	man superhero: medium-dark skin tone		People & Body	🦸‍♂️	medium-dark
🦸🏿‍♂️	man superhero: dark skin tone		People & Body	🦸‍♂️	dark
🦸‍♀️	woman superhero	superhero_woman	People & Body	🦸‍♀️	default
🦸🏻‍♀️	woman superhero: light skin tone		People & Body	🦸‍♀️	light
🦸🏼‍♀️	woman superhero: medium-light skin tone		People & Body	🦸‍♀️	medium-light
🦸🏽‍♀️	woman superhero: medium skin tone		People & Body	🦸‍♀️	medium
🦸🏾‍♀️	woman superhero: medium-dark skin tone		People & Body	🦸‍♀️	medium-dark
🦸🏿‍♀️	woman superhero: dark skin tone		People & Body	🦸‍♀️	dark
🦹	supervillain	supervillain	People & Body	🦹	default
🦹🏻	supervillain: light skin tone		People & Body	🦹	light
🦹🏼	supervillain: medium-light skin tone		People & Body	🦹	medium-light
🦹🏽	supervillain: medium skin tone		People & Body	🦹	medium
🦹🏾	supervillain: medium-dark skin tone		People & Body	🦹	medium-dark
🦹🏿	supervillain: dark skin tone		People & Body	🦹	dark
🦹‍♂️	man supervillain	supervillain_man	People & Body	🦹‍♂️	default
🦹🏻‍♂️	man supervillain: light skin tone		People & Body	🦹‍♂️	light
🦹🏼‍♂️	man supervillain: medium-light skin tone		People & Body	🦹‍♂️	medium-light
🦹🏽‍♂️	man supervillain: medium skin tone		People & Body	🦹‍♂️	medium
🦹🏾‍♂️	man supervillain: medium-dark skin tone		People & Body	🦹‍♂️	medium-dark
🦹🏿‍♂️	man supervillain: dark skin tone		People & Body	🦹‍♂️	dark
🦹‍♀️	woman supervillain	supervillain_woman	People & Body	🦹‍♀️	default
🦹🏻‍♀️	woman supervillain: light skin tone		People & Body	🦹‍♀️	light
🦹🏼‍♀️	woman supervillain: medium-light skin tone		People & Body	🦹‍♀️	medium-light
🦹🏽‍♀️	woman supervillain: medium skin tone		People & Body	🦹‍♀️	medium
🦹🏾‍♀️	woman supervillain: medium-dark skin tone		People & Body	🦹‍♀️	medium-dark
🦹🏿‍♀️	woman supervillain: dark skin tone		People & Body	🦹‍♀️	dark
🧙	mage	mage	People & Body	🧙	default
🧙🏻	mage: light skin tone		People & Body	🧙	light
🧙🏼	mage: medium-light skin tone		People & Body	🧙	medium-light
🧙🏽	mage: medium skin tone		People & Body	🧙	medium
🧙🏾	mage: medium-dark skin tone		People & Body	🧙	medium-dark
🧙🏿	mage: dark skin tone		People & Body	🧙	dark
🧙‍♂️	man mage	mage_man	People & Body	🧙‍♂️	default
🧙🏻‍♂️	man mage: light skin tone		People & Body	🧙‍♂️	light
🧙🏼‍♂️	man mage: medium-light skin tone		People & Body	🧙‍♂️	medium-light
🧙🏽‍♂️	man mage: medium skin tone		People & Body	🧙‍♂️	medium
🧙🏾‍♂️	man mage: medium-dark skin tone		People & Body	🧙‍♂️	medium-dark
🧙🏿‍♂️	man mage: dark skin tone		People & Body	🧙‍♂️	dark
🧙‍♀️	woman mage	mage_woman	People & Body	🧙‍♀️	default
🧙🏻‍♀️	woman mage: light skin tone		People & Body	🧙‍♀️	light
🧙🏼‍♀️	woman mage: medium-light skin tone		People & Body	🧙‍♀️	medium-light
🧙🏽‍♀️	woman mage: medium skin tone		People & Body	🧙‍♀️	medium
🧙🏾‍♀️	woman mage: medium-dark skin tone		People & Body	🧙‍♀️	medium-dark
🧙🏿‍♀️	woman mage: dark skin tone		People & Body	🧙‍♀️	dark
🧚	fairy	fairy	People & Body	🧚	default
🧚🏻	fairy: light skin tone		People & Body	🧚	light
🧚🏼	fairy: medium-light skin tone		People & Body	🧚	medium-light
🧚🏽	fairy: medium skin tone		People & Body	🧚	medium
🧚🏾	fairy: medium-dark skin tone		People & Body	🧚	medium-dark
🧚🏿	fairy: dark skin tone		People & Body	🧚	dark
🧚‍♂️	man fairy	fairy_man	People & Body	🧚‍♂️	default
🧚🏻‍♂️	man fairy: light skin tone		People & Body	🧚‍♂️	light
🧚🏼‍♂️	man fairy: medium-light skin tone		People & Body	🧚‍♂️	medium-light
🧚🏽‍♂️	man fairy: medium skin tone		People & Body	🧚‍♂️	medium
🧚🏾‍♂️	man fairy: medium-dark skin tone		People & Body	🧚‍♂️	medium-dark
🧚🏿‍♂️	man fairy: dark skin tone		People & Body	🧚‍♂️	dark
🧚‍♀️	woman fairy	fairy_woman	People & Body	🧚‍♀️	default
🧚🏻‍♀️	woman fairy: light skin tone		People & Body	🧚‍♀️	light
🧚🏼‍♀️	woman fairy: medium-light skin tone		People & Body	🧚‍♀️	medium-light
🧚🏽‍♀️	woman fairy: medium skin tone		People & Body	🧚‍♀️	medium
🧚🏾‍♀️	woman fairy: medium-dark skin tone		People & Body	🧚‍♀️	medium-dark
🧚🏿‍♀️	woman fairy: dark skin tone		People & Body	🧚‍♀️	dark
🧛	vampire	vampire	People & Body	🧛	default
🧛🏻	vampire: light skin tone		People & Body	🧛	light
🧛🏼	vampire: medium-light skin tone		People & Body	🧛	medium-light
🧛🏽	vampire: medium skin tone		People & Body	🧛	medium
🧛🏾	vampire: medium-dark skin tone		People & Body	🧛	medium-dark
🧛🏿	vampire: dark skin tone		People & Body	🧛	dark
🧛‍♂️	man vampire	vampire_man	People & Body	🧛‍♂️	default
🧛🏻‍♂️	man vampire: light skin tone		People & Body	🧛‍♂️	light
🧛🏼‍♂️	man vampire: medium-light skin tone		People & Body	🧛‍♂️	medium-light
🧛🏽‍♂️	man vampire: medium skin tone		People & Body	🧛‍♂️	medium
🧛🏾‍♂️	man vampire: medium-dark skin tone		People & Body	🧛‍♂️	medium-dark
🧛🏿‍♂️	man vampire: dark skin tone		People & Body	🧛‍♂️	dark
🧛‍♀️	woman vampire	vampire_woman	People & Body	🧛‍♀️	default
🧛🏻‍♀️	woman vampire: light skin tone		People & Body	🧛‍♀️	light
🧛🏼‍♀️	woman vampire: medium-light skin tone		People & Body	🧛‍♀️	medium-light
🧛🏽‍♀️	woman vampire: medium skin tone		People & Body	🧛‍♀️	medium
🧛🏾‍♀️	woman vampire: medium-dark skin tone		People & Body	🧛‍♀️	medium-dark
🧛🏿‍♀️	woman vampire: dark skin tone		People & Body	🧛‍♀️	dark
🧜	merperson	merperson	People & Body	🧜	default
🧜🏻	merperson: light skin tone		People & Body	🧜	light
🧜🏼	merperson: medium-light skin tone		People & Body	🧜	medium-light
🧜🏽	merperson: medium skin tone		People & Body	🧜	medium
🧜🏾	merperson: medium-dark skin tone		People & Body	🧜	medium-dark
🧜🏿	merperson: dark skin tone		People & Body	🧜	dark
🧜‍♂️	merman	merman	People & Body	🧜‍♂️	default
🧜🏻‍♂️	merman: light skin tone		People & Body	🧜‍♂️	light
🧜🏼‍♂️	merman: medium-light skin tone		People & Body	🧜‍♂️	medium-light
🧜🏽‍♂️	merman: medium skin tone		People & Body	🧜‍♂️	medium
🧜🏾‍♂️	merman: medium-dark skin tone		People & Body	🧜‍♂️	medium-dark
🧜🏿‍♂️	merman: dark skin tone		People & Body	🧜‍♂️	dark
🧜‍♀️	mermaid	mermaid	People & Body	🧜‍♀️	default
🧜🏻‍♀️	mermaid: light skin tone		People & Body	🧜‍♀️	light
🧜🏼‍♀️	mermaid: medium-light skin tone		People & Body	🧜‍♀️	medium-light
🧜🏽‍♀️	mermaid: medium skin tone		People & Body	🧜‍♀️	medium
🧜🏾‍♀️	mermaid: medium-dark skin tone		People & Body	🧜‍♀️	medium-dark
🧜🏿‍♀️	mermaid: dark skin tone		People & Body	🧜‍♀️	dark
🧝	elf	elf	People & Body	🧝	default
🧝🏻	elf: light skin tone		People & Body	🧝	light
🧝🏼	elf: medium-light skin tone		People & Body	🧝	medium-light
🧝🏽	elf: medium skin tone		People & Body	🧝	medium
🧝🏾	elf: medium-dark skin tone		People & Body	🧝	medium-dark
🧝🏿	elf: dark skin tone		People & Body	🧝	dark
🧝‍♂️	man elf	elf_man	People & Body	🧝‍♂️	default
🧝🏻‍♂️	man elf: light skin tone		People & Body	🧝‍♂️	light
🧝🏼‍♂️	man elf: medium-light skin tone		People & Body	🧝‍♂️	medium-light
🧝🏽‍♂️	man elf: medium skin tone		People & Body	🧝‍♂️	medium
🧝🏾‍♂️	man elf: medium-dark skin tone		People & Body	🧝‍♂️	medium-dark
🧝🏿‍♂️	man elf: dark skin tone		People & Body	🧝‍♂️	dark
🧝‍♀️	woman elf	elf_woman	People & Body	🧝‍♀️	default
🧝🏻‍♀️	woman elf: light skin tone		People & Body	🧝‍♀️	light
🧝🏼‍♀️	woman elf: medium-light skin tone		People & Body	🧝‍♀️	medium-light
🧝🏽‍♀️	woman elf: medium skin tone		People & Body	🧝‍♀️	medium
🧝🏾‍♀️	woman elf: medium-dark skin tone		People & Body	🧝‍♀️	medium-dark
🧝🏿‍♀️	woman elf: dark skin tone		People & Body	🧝‍♀️	dark
🧞	genie	genie	People & Body	🧞	none
🧞‍♂️	man genie	genie_man	People & Body	🧞‍♂️	none
🧞‍♀️	woman genie	genie_woman	People & Body	🧞‍♀️	none
🧟	zombie	zombie	People & Body	🧟	none
🧟‍♂️	man zombie	zombie_man	People & Body	🧟‍♂️	none
🧟‍♀️	woman zombie	zombie_woman	People & Body	🧟‍♀️	none
🧌	troll	troll	People & Body	🧌	none
🫈	hairy creature		People & Body	🫈	none
💆	person getting massage	massage	People & Body	💆	default
💆🏻	person getting massage: light skin tone		People & Body	💆	light
💆🏼	person getting massage: medium-light skin tone		People & Body	💆	medium-light
💆🏽	person getting massage: medium skin tone		People & Body	💆	medium
💆🏾	person getting massage: medium-dark skin tone		People & Body	💆	medium-dark
💆🏿	person getting massage: dark skin tone		People & Body	💆	dark
💆‍♂️	man getting massage	massage_man	People & Body	💆‍♂️	default
💆🏻‍♂️	man getting massage: light skin tone		People & Body	💆‍♂️	light
💆🏼‍♂️	man getting massage: medium-light skin tone		People & Body	💆‍♂️	medium-light
💆🏽‍♂️	man getting massage: medium skin tone		People & Body	💆‍♂️	medium
💆🏾‍♂️	man getting massage: medium-dark skin tone		People & Body	💆‍♂️	medium-dark
💆🏿‍♂️	man getting massage: dark skin tone		People & Body	💆‍♂️	dark
💆‍♀️	woman getting massage	massage_woman	People & Body	💆‍♀️	default
💆🏻‍♀️	woman getting massage: light skin tone		People & Body	💆‍♀️	light
💆🏼‍♀️	woman getting massage: medium-light skin tone		People & Body	💆‍♀️	medium-light
💆🏽‍♀️	woman getting massage: medium skin tone		People & Body	💆‍♀️	medium
💆🏾‍♀️	woman getting massage: medium-dark skin tone		People & Body	💆‍♀️	medium-dark
💆🏿‍♀️	woman getting massage: dark skin tone		People & Body	💆‍♀️	dark
💇	person getting haircut	haircut	People & Body	💇	default
💇🏻	person getting haircut: light skin tone		People & Body	💇	light
💇🏼	person getting haircut: medium-light skin tone		People & Body	💇	medium-light
💇🏽	person getting haircut: medium skin tone		People & Body	💇	medium
💇🏾	person getting haircut: medium-dark skin tone		People & Body	💇	medium-dark
💇🏿	person getting haircut: dark skin tone		People & Body	💇	dark
💇‍♂️	man getting haircut	haircut_man	People & Body	💇‍♂️	default
💇🏻‍♂️	man getting haircut: light skin tone		People & Body	💇‍♂️	light
💇🏼‍♂️	man getting haircut: medium-light skin tone		People & Body	💇‍♂️	medium-light
💇🏽‍♂️	man getting haircut: medium skin tone		People & Body	💇‍♂️	medium
💇🏾‍♂️	man getting haircut: medium-dark skin tone		People & Body	💇‍♂️	medium-dark
💇🏿‍♂️	man getting haircut: dark skin tone		People & Body	💇‍♂️	dark
💇‍♀️	woman getting haircut	haircut_woman	People & Body	💇‍♀️	default
💇🏻‍♀️	woman getting haircut: light skin tone		People & Body	💇‍♀️	light
💇🏼‍♀️	woman getting haircut: medium-light skin tone		People & Body	💇‍♀️	medium-light
💇🏽‍♀️	woman getting haircut: medium skin tone		People & Body	💇‍♀️	medium
💇🏾‍♀️	woman getting haircut: medium-dark skin tone		People & Body	💇‍♀️	medium-dark
💇🏿‍♀️	woman getting haircut: dark skin tone		People & Body	💇‍♀️	dark
🚶	person walking	walking	People & Body	🚶	default
🚶🏻	person walking: light skin tone		People & Body	🚶	light
🚶🏼	person walking: medium-light skin tone		People & Body	🚶	medium-light
🚶🏽	person walking: medium skin tone		People & Body	🚶	medium
🚶🏾	person walking: medium-dark skin tone		People & Body	🚶	medium-dark
🚶🏿	person walking: dark skin tone		People & Body	🚶	dark
🚶‍♂️	man walking	walking_man	People & Body	🚶‍♂️	default
🚶🏻‍♂️	man walking: light skin tone		People & Body	🚶‍♂️	light
🚶🏼‍♂️	man walking: medium-light skin tone		People & Body	🚶‍♂️	medium-light
🚶🏽‍♂️	man walking: medium skin tone		People & Body	🚶‍♂️	medium
🚶🏾‍♂️	man walking: medium-dark skin tone		People & Body	🚶‍♂️	medium-dark
🚶🏿‍♂️	man walking: dark skin tone		People & Body	🚶‍♂️	dark
🚶‍♀️	woman walking	walking_woman	People & Body	🚶‍♀️	default
🚶🏻‍♀️	woman walking: light skin tone		People & Body	🚶‍♀️	light
🚶🏼‍♀️	woman walking: medium-light skin tone		People & Body	🚶‍♀️	medium-light
🚶🏽‍♀️	woman walking: medium skin tone		People & Body	🚶‍♀️	medium
🚶🏾‍♀️	woman walking: medium-dark skin tone		People & Body	🚶‍♀️	medium-dark
🚶🏿‍♀️	woman walking: dark skin tone		People & Body	🚶‍♀️	dark
🚶‍➡️	person walking facing right		People & Body	🚶‍➡️	default
🚶🏻‍➡️	person walking facing right: light skin tone		People & Body	🚶‍➡️	light
🚶🏼‍➡️	person walking facing right: medium-light skin tone		People & Body	🚶‍➡️	medium-light
🚶🏽‍➡️	person walking facing right: medium skin tone		People & Body	🚶‍➡️	medium
🚶🏾‍➡️	person walking facing right: medium-dark skin tone		People & Body	🚶‍➡️	medium-dark
🚶🏿‍➡️	person walking facing right: dark skin tone		People & Body	🚶‍➡️	dark
🚶‍♀️‍➡️	woman walking facing right		People & Body	🚶‍♀️‍➡️	default
🚶🏻‍♀️‍➡️	woman walking facing right: light skin tone		People & Body	🚶‍♀️‍➡️	light
🚶🏼‍♀️‍➡️	woman walking facing right: medium-light skin tone		People & Body	🚶‍♀️‍➡️	medium-light
🚶🏽‍♀️‍➡️	woman walking facing right: medium skin tone		People & Body	🚶‍♀️‍➡️	medium
🚶🏾‍♀️‍➡️	woman walking facing right: medium-dark skin tone		People & Body	🚶‍♀️‍➡️	medium-dark
🚶🏿‍♀️‍➡️	woman walking facing right: dark skin tone		People & Body	🚶‍♀️‍➡️	dark
🚶‍♂️‍➡️	man walking facing right		People & Body	🚶‍♂️‍➡️	default
🚶🏻‍♂️‍➡️	man walking facing right: light skin tone		People & Body	🚶‍♂️‍➡️	light
🚶🏼‍♂️‍➡️	man walking facing right: medium-light skin tone		People & Body	🚶‍♂️‍➡️	medium-light
🚶🏽‍♂️‍➡️	man walking facing right: medium skin tone		People & Body	🚶‍♂️‍➡️	medium
🚶🏾‍♂️‍➡️	man walking facing right: medium-dark skin tone		People & Body	🚶‍♂️‍➡️	medium-dark
🚶🏿‍♂️‍➡️	man walking facing right: dark skin tone		People & Body	🚶‍♂️‍➡️	dark
🧍	person standing	standing_person	People & Body	🧍	default
🧍🏻	person standing: light skin tone		People & Body	🧍	light
🧍🏼	person standing: medium-light skin tone		People & Body	🧍	medium-light
🧍🏽	person standing: medium skin tone		People & Body	🧍	medium
🧍🏾	person standing: medium-dark skin tone		People & Body	🧍	medium-dark
🧍🏿	person standing: dark skin tone		People & Body	🧍	dark
🧍‍♂️	man standing	standing_man	People & Body	🧍‍♂️	default
🧍🏻‍♂️	man standing: light skin tone		People & Body	🧍‍♂️	light
🧍🏼‍♂️	man standing: medium-light skin tone		People & Body	🧍‍♂️	medium-light
🧍🏽‍♂️	man standing: medium skin tone		People & Body	🧍‍♂️	medium
🧍🏾‍♂️	man standing: medium-dark skin tone		People & Body	🧍‍♂️	medium-dark
🧍🏿‍♂️	man standing: dark skin tone		People & Body	🧍‍♂️	dark
🧍‍♀️	woman standing	standing_woman	People & Body	🧍‍♀️	default
🧍🏻‍♀️	woman standing: light skin tone		People & Body	🧍‍♀️	light
🧍🏼‍♀️	woman standing: medium-light skin tone		People & Body	🧍‍♀️	medium-light
🧍🏽‍♀️	woman standing: medium skin tone		People & Body	🧍‍♀️	medium
🧍🏾‍♀️	woman standing: medium-dark skin tone		People & Body	🧍‍♀️	medium-dark
🧍🏿‍♀️	woman standing: dark skin tone		People & Body	🧍‍♀️	dark
🧎	person kneeling	kneeling_person	People & Body	🧎	default
🧎🏻	person kneeling: light skin tone		People & Body	🧎	light
🧎🏼	person kneeling: medium-light skin tone		People & Body	🧎	medium-light
🧎🏽	person kneeling: medium skin tone		People & Body	🧎	medium
🧎🏾	person kneeling: medium-dark skin tone		People & Body	🧎	medium-dark
🧎🏿	person kneeling: dark skin tone		People & Body	🧎	dark
🧎‍♂️	man kneeling	kneeling_man	People & Body	🧎‍♂️	default
🧎🏻‍♂️	man kneeling: light skin tone		People & Body	🧎‍♂️	light
🧎🏼‍♂️	man kneeling: medium-light skin tone		People & Body	🧎‍♂️	medium-light
🧎🏽‍♂️	man kneeling: medium skin tone		People & Body	🧎‍♂️	medium
🧎🏾‍♂️	man kneeling: medium-dark skin tone		People & Body	🧎‍♂️	medium-dark
🧎🏿‍♂️	man kneeling: dark skin tone		People & Body	🧎‍♂️	dark
🧎‍♀️	woman kneeling	kneeling_woman	People & Body	🧎‍♀️	default
🧎🏻‍♀️	woman kneeling: light skin tone		People & Body	🧎‍♀️	light
🧎🏼‍♀️	woman kneeling: medium-light skin tone		People & Body	🧎‍♀️	medium-light
🧎🏽‍♀️	woman kneeling: medium skin tone		People & Body	🧎‍♀️	medium
🧎🏾‍♀️	woman kneeling: medium-dark skin tone		People & Body	🧎‍♀️	medium-dark
🧎🏿‍♀️	woman kneeling: dark skin tone		People & Body	🧎‍♀️	dark
🧎‍➡️	person kneeling facing right		People & Body	🧎‍➡️	default
🧎🏻‍➡️	person kneeling facing right: light skin tone		People & Body	🧎‍➡️	light
🧎🏼‍➡️	person kneeling facing right: medium-light skin tone		People & Body	🧎‍➡️	medium-light
🧎🏽‍➡️	person kneeling facing right: medium skin tone		People & Body	🧎‍➡️	medium
🧎🏾‍➡️	person kneeling facing right: medium-dark skin tone		People & Body	🧎‍➡️	medium-dark
🧎🏿‍➡️	person kneeling facing right: dark skin tone		People & Body	🧎‍➡️	dark
🧎‍♀️‍➡️	woman kneeling facing right		People & Body	🧎‍♀️‍➡️	default
🧎🏻‍♀️‍➡️	woman kneeling facing right: light skin tone		People & Body	🧎‍♀️‍➡️	light
🧎🏼‍♀️‍➡️	woman kneeling facing right: medium-light skin tone		People & Body	🧎‍♀️‍➡️	medium-light
🧎🏽‍♀️‍➡️	woman kneeling facing right: medium skin tone		People & Body	🧎‍♀️‍➡️	medium
🧎🏾‍♀️‍➡️	woman kneeling facing right: medium-dark skin tone		People & Body	🧎‍♀️‍➡️	medium-dark
🧎🏿‍♀️‍➡️	woman kneeling facing right: dark skin tone		People & Body	🧎‍♀️‍➡️	dark
🧎‍♂️‍➡️	man kneeling facing right		People & Body	🧎‍♂️‍➡️	default
🧎🏻‍♂️‍➡️	man kneeling facing right: light skin tone		People & Body	🧎‍♂️‍➡️	light
🧎🏼‍♂️‍➡️	man kneeling facing right: medium-light skin tone		People & Body	🧎‍♂️‍➡️	medium-light
🧎🏽‍♂️‍➡️	man kneeling facing right: medium skin tone		People & Body	🧎‍♂️‍➡️	medium
🧎🏾‍♂️‍➡️	man kneeling facing right: medium-dark skin tone		People & Body	🧎‍♂️‍➡️	medium-dark
🧎🏿‍♂️‍➡️	man kneeling facing right: dark skin tone		People & Body	🧎‍♂️‍➡️	dark
🧑‍🦯	person with white cane	person_with_probing_cane	People & Body	🧑‍🦯	default
🧑🏻‍🦯	person with white cane: light skin tone		People & Body	🧑‍🦯	light
🧑🏼‍🦯	person with white cane: medium-light skin tone		People & Body	🧑‍🦯	medium-light
🧑🏽‍🦯	person with white cane: medium skin tone		People & Body	🧑‍🦯	medium
🧑🏾‍🦯	person with white cane: medium-dark skin tone		People & Body	🧑‍🦯	medium-dark
🧑🏿‍🦯	person with white cane: dark skin tone		People & Body	🧑‍🦯	dark
🧑‍🦯‍➡️	person with white cane facing right		People & Body	🧑‍🦯‍➡️	default
🧑🏻‍🦯‍➡️	person with white cane facing right: light skin tone		People & Body	🧑‍🦯‍➡️	light
🧑🏼‍🦯‍➡️	person with white cane facing right: medium-light skin tone		People & Body	🧑‍🦯‍➡️	medium-light
🧑🏽‍🦯‍➡️	person with white cane facing right: medium skin tone		People & Body	🧑‍🦯‍➡️	medium
🧑🏾‍🦯‍➡️	person with white cane facing right: medium-dark skin tone		People & Body	🧑‍🦯‍➡️	medium-dark
🧑🏿‍🦯‍➡️	person with white cane facing right: dark skin tone		People & Body	🧑‍🦯‍➡️	dark
👨‍🦯	man with white cane	man_with_probing_cane	People & Body	👨‍🦯	default
👨🏻‍🦯	man with white cane: light skin tone		People & Body	👨‍🦯	light
👨🏼‍🦯	man with white cane: medium-light skin tone		People & Body	👨‍🦯	medium-light
👨🏽‍🦯	man with white cane: medium skin tone		People & Body	👨‍🦯	medium
👨🏾‍🦯	man with white cane: medium-dark skin tone		People & Body	👨‍🦯	medium-dark
👨🏿‍🦯	man with white cane: dark skin tone		People & Body	👨‍🦯	dark
👨‍🦯‍➡️	man with white cane facing right		People & Body	👨‍🦯‍➡️	default
👨🏻‍🦯‍➡️	man with white cane facing right: light skin tone		People & Body	👨‍🦯‍➡️	light
👨🏼‍🦯‍➡️	man with white cane facing right: medium-light skin tone		People & Body	👨‍🦯‍➡️	medium-light
👨🏽‍🦯‍➡️	man with white cane facing right: medium skin tone		People & Body	👨‍🦯‍➡️	medium
👨🏾‍🦯‍➡️	man with white cane facing right: medium-dark skin tone		People & Body	👨‍🦯‍➡️	medium-dark
👨🏿‍🦯‍➡️	man with white cane facing right: dark skin tone		People & Body	👨‍🦯‍➡️	dark
👩‍🦯	woman with white cane	woman_with_probing_cane	People & Body	👩‍🦯	default
👩🏻‍🦯	woman with white cane: light skin tone		People & Body	👩‍🦯	light
👩🏼‍🦯	woman with white cane: medium-light skin tone		People & Body	👩‍🦯	medium-light
👩🏽‍🦯	woman with white cane: medium skin tone		People & Body	👩‍🦯	medium
👩🏾‍🦯	woman with white cane: medium-dark skin tone		People & Body	👩‍🦯	medium-dark
👩🏿‍🦯	woman with white cane: dark skin tone		People & Body	👩‍🦯	dark
👩‍🦯‍➡️	woman with white cane facing right		People & Body	👩‍🦯‍➡️	default
👩🏻‍🦯‍➡️	woman with white cane facing right: light skin tone		People & Body	👩‍🦯‍➡️	light
👩🏼‍🦯‍➡️	woman with white cane facing right: medium-light skin tone		People & Body	👩‍🦯‍➡️	medium-light
👩🏽‍🦯‍➡️	woman with white cane facing right: medium skin tone		People & Body	👩‍🦯‍➡️	medium
👩🏾‍🦯‍➡️	woman with white cane facing right: medium-dark skin tone		People & Body	👩‍🦯‍➡️	medium-dark
👩🏿‍🦯‍➡️	woman with white cane facing right: dark skin tone		People & Body	👩‍🦯‍➡️	dark
🧑‍🦼	person in motorized wheelchair	person_in_motorized_wheelchair	People & Body	🧑‍🦼	default
🧑🏻‍🦼	person in motorized wheelchair: light skin tone		People & Body	🧑‍🦼	light
🧑🏼‍🦼	person in motorized wheelchair: medium-light skin tone		People & Body	🧑‍🦼	medium-light
🧑🏽‍🦼	person in motorized wheelchair: medium skin tone		People & Body	🧑‍🦼	medium
🧑🏾‍🦼	person in motorized wheelchair: medium-dark skin tone		People & Body	🧑‍🦼	medium-dark
🧑🏿‍🦼	person in motorized wheelchair: dark skin tone		People & Body	🧑‍🦼	dark
🧑‍🦼‍➡️	person in motorized wheelchair facing right		People & Body	🧑‍🦼‍➡️	default
🧑🏻‍🦼‍➡️	person in motorized wheelchair facing right: light skin tone		People & Body	🧑‍🦼‍➡️	light
🧑🏼‍🦼‍➡️	person in motorized wheelchair facing right: medium-light skin tone		People & Body	🧑‍🦼‍➡️	medium-light
🧑🏽‍🦼‍➡️	person in motorized wheelchair facing right: medium skin tone		People & Body	🧑‍🦼‍➡️	medium
🧑🏾‍🦼‍➡️	person in motorized wheelchair facing right: medium-dark skin tone		People & Body	🧑‍🦼‍➡️	medium-dark
🧑🏿‍🦼‍➡️	person in motorized wheelchair facing right: dark skin tone		People & Body	🧑‍🦼‍➡️	dark
👨‍🦼	man in motorized wheelchair	man_in_motorized_wheelchair	People & Body	👨‍🦼	default
👨🏻‍🦼	man in motorized wheelchair: light skin tone		People & Body	👨‍🦼	light
👨🏼‍🦼	man in motorized wheelchair: medium-light skin tone		People & Body	👨‍🦼	medium-light
👨🏽‍🦼	man in motorized wheelchair: medium skin tone		People & Body	👨‍🦼	medium
👨🏾‍🦼	man in motorized wheelchair: medium-dark skin tone		People & Body	👨‍🦼	medium-dark
👨🏿‍🦼	man in motorized wheelchair: dark skin tone		People & Body	👨‍🦼	dark
👨‍🦼‍➡️	man in motorized wheelchair facing right		People & Body	👨‍🦼‍➡️	default
👨🏻‍🦼‍➡️	man in motorized wheelchair facing right: light skin tone		People & Body	👨‍🦼‍➡️	light
👨🏼‍🦼‍➡️	man in motorized wheelchair facing right: medium-light skin tone		People & Body	👨‍🦼‍➡️	medium-light
👨🏽‍🦼‍➡️	man in motorized wheelchair facing right: medium skin tone		People & Body	👨‍🦼‍➡️	medium
👨🏾‍🦼‍➡️	man in motorized wheelchair facing right: medium-dark skin tone		People & Body	👨‍🦼‍➡️	medium-dark
👨🏿‍🦼‍➡️	man in motorized wheelchair facing right: dark skin tone		People & Body	👨‍🦼‍➡️	dark
👩‍🦼	woman in motorized wheelchair	woman_in_motorized_wheelchair	People & Body	👩‍🦼	default
👩🏻‍🦼	woman in motorized wheelchair: light skin tone		People & Body	👩‍🦼	light
👩🏼‍🦼	woman in motorized wheelchair: medium-light skin tone		People & Body	👩‍🦼	medium-light
👩🏽‍🦼	woman in motorized wheelchair: medium skin tone		People & Body	👩‍🦼	medium
👩🏾‍🦼	woman in motorized wheelchair: medium-dark skin tone		People & Body	👩‍🦼	medium-dark
👩🏿‍🦼	woman in motorized wheelchair: dark skin tone		People & Body	👩‍🦼	dark
👩‍🦼‍➡️	woman in motorized wheelchair facing right		People & Body	👩‍🦼‍➡️	default
👩🏻‍🦼‍➡️	woman in motorized wheelchair facing right: light skin tone		People & Body	👩‍🦼‍➡️	light
👩🏼‍🦼‍➡️	woman in motorized wheelchair facing right: medium-light skin tone		People & Body	👩‍🦼‍➡️	medium-light
👩🏽‍🦼‍➡️	woman in motorized wheelchair facing right: medium skin tone		People & Body	👩‍🦼‍➡️	medium
👩🏾‍🦼‍➡️	woman in motorized wheelchair facing right: medium-dark skin tone		People & Body	👩‍🦼‍➡️	medium-dark
👩🏿‍🦼‍➡️	woman in motorized wheelchair facing right: dark skin tone		People & Body	👩‍🦼‍➡️	dark
🧑‍🦽	person in manual wheelchair	person_in_manual_wheelchair	People & Body	🧑‍🦽	default
🧑🏻‍🦽	person in manual wheelchair: light skin tone		People & Body	🧑‍🦽	light
🧑🏼‍🦽	person in manual wheelchair: medium-light skin tone		People & Body	🧑‍🦽	medium-light
🧑🏽‍🦽	person in manual wheelchair: medium skin tone		People & Body	🧑‍🦽	medium
🧑🏾‍🦽	person in manual wheelchair: medium-dark skin tone		People & Body	🧑‍🦽	medium-dark
🧑🏿‍🦽	person in manual wheelchair: dark skin tone		People & Body	🧑‍🦽	dark
🧑‍🦽‍➡️	person in manual wheelchair facing right		People & Body	🧑‍🦽‍➡️	default
🧑🏻‍🦽‍➡️	person in manual wheelchair facing right: light skin tone		People & Body	🧑‍🦽‍➡️	light
🧑🏼‍🦽‍➡️	person in manual wheelchair facing right: medium-light skin tone		People & Body	🧑‍🦽‍➡️	medium-light
🧑🏽‍🦽‍➡️	person in manual wheelchair facing right: medium skin tone		People & Body	🧑‍🦽‍➡️	medium
🧑🏾‍🦽‍➡️	person in manual wheelchair facing right: medium-dark skin tone		People & Body	🧑‍🦽‍➡️	medium-dark
🧑🏿‍🦽‍➡️	person in manual wheelchair facing right: dark skin tone		People & Body	🧑‍🦽‍➡️	dark
👨‍🦽	man in manual wheelchair	man_in_manual_wheelchair	People & Body	👨‍🦽	default
👨🏻‍🦽	man in manual wheelchair: light skin tone		People & Body	👨‍🦽	light
👨🏼‍🦽	man in manual wheelchair: medium-light skin tone		People & Body	👨‍🦽	medium-light
👨🏽‍🦽	man in manual wheelchair: medium skin tone		People & Body	👨‍🦽	medium
👨🏾‍🦽	man in manual wheelchair: medium-dark skin tone		People & Body	👨‍🦽	medium-dark
👨🏿‍🦽	man in manual wheelchair: dark skin tone		People & Body	👨‍🦽	dark
👨‍🦽‍➡️	man in manual wheelchair facing right		People & Body	👨‍🦽‍➡️	default
👨🏻‍🦽‍➡️	man in manual wheelchair facing right: light skin tone		People & Body	👨‍🦽‍➡️	light
👨🏼‍🦽‍➡️	man in manual wheelchair facing right: medium-light skin tone		People & Body	👨‍🦽‍➡️	medium-light
👨🏽‍🦽‍➡️	man in manual wheelchair facing right: medium skin tone		People & Body	👨‍🦽‍➡️	medium
👨🏾‍🦽‍➡️	man in manual wheelchair facing right: medium-dark skin tone		People & Body	👨‍🦽‍➡️	medium-dark
👨🏿‍🦽‍➡️	man in manual wheelchair facing right: dark skin tone		People & Body	👨‍🦽‍➡️	dark
👩‍🦽	woman in manual wheelchair	woman_in_manual_wheelchair	People & Body	👩‍🦽	default
👩🏻‍🦽	woman in manual wheelchair: light skin tone		People & Body	👩‍🦽	light
👩🏼‍🦽	woman in manual wheelchair: medium-light skin tone		People & Body	👩‍🦽	medium-light
👩🏽‍🦽	woman in manual wheelchair: medium skin tone		People & Body	👩‍🦽	medium
👩🏾‍🦽	woman in manual wheelchair: medium-dark skin tone		People & Body	👩‍🦽	medium-dark
👩🏿‍🦽	woman in manual wheelchair: dark skin tone		People & Body	👩‍🦽	dark
👩‍🦽‍➡️	woman in manual wheelchair facing right		People & Body	👩‍🦽‍➡️	default
👩🏻‍🦽‍➡️	woman in manual wheelchair facing right: light skin tone		People & Body	👩‍🦽‍➡️	light
👩🏼‍🦽‍➡️	woman in manual wheelchair facing right: medium-light skin tone		People & Body	👩‍🦽‍➡️	medium-light
👩🏽‍🦽‍➡️	woman in manual wheelchair facing right: medium skin tone		People & Body	👩‍🦽‍➡️	medium
👩🏾‍🦽‍➡️	woman in manual wheelchair facing right: medium-dark skin tone		People & Body	👩‍🦽‍➡️	medium-dark
👩🏿‍🦽‍➡️	woman in manual wheelchair facing right: dark skin tone		People & Body	👩‍🦽‍➡️	dark
🏃	person running	runner running	People & Body	🏃	default
🏃🏻	person running: light skin tone		People & Body	🏃	light
🏃🏼	person running: medium-light skin tone		People & Body	🏃	medium-light
🏃🏽	person running: medium skin tone		People & Body	🏃	medium
🏃🏾	person running: medium-dark skin tone		People & Body	🏃	medium-dark
🏃🏿	person running: dark skin tone		People & Body	🏃	dark
🏃‍♂️	man running	running_man	People & Body	🏃‍♂️	default
🏃🏻‍♂️	man running: light skin tone		People & Body	🏃‍♂️	light
🏃🏼‍♂️	man running: medium-light skin tone		People & Body	🏃‍♂️	medium-light
🏃🏽‍♂️	man running: medium skin tone		People & Body	🏃‍♂️	medium
🏃🏾‍♂️	man running: medium-dark skin tone		People & Body	🏃‍♂️	medium-dark
🏃🏿‍♂️	man running: dark skin tone		People & Body	🏃‍♂️	dark
🏃‍♀️	woman running	running_woman	People & Body	🏃‍♀️	default
🏃🏻‍♀️	woman running: light skin tone		People & Body	🏃‍♀️	light
🏃🏼‍♀️	woman running: medium-light skin tone		People & Body	🏃‍♀️	medium-light
🏃🏽‍♀️	woman running: medium skin tone		People & Body	🏃‍♀️	medium
🏃🏾‍♀️	woman running: medium-dark skin tone		People & Body	🏃‍♀️	medium-dark
🏃🏿‍♀️	woman running: dark skin tone		People & Body	🏃‍♀️	dark
🏃‍➡️	person running facing right		People & Body	🏃‍➡️	default
🏃🏻‍➡️	person running facing right: light skin tone		People & Body	🏃‍➡️	light
🏃🏼‍➡️	person running facing right: medium-light skin tone		People & Body	🏃‍➡️	medium-light
🏃🏽‍➡️	person running facing right: medium skin tone		People & Body	🏃‍➡️	medium
🏃🏾‍➡️	person running facing right: medium-dark skin tone		People & Body	🏃‍➡️	medium-dark
🏃🏿‍➡️	person running facing right: dark skin tone		People & Body	🏃‍➡️	dark
🏃‍♀️‍➡️	woman running facing right		People & Body	🏃‍♀️‍➡️	default
🏃🏻‍♀️‍➡️	woman running facing right: light skin tone		People & Body	🏃‍♀️‍➡️	light
🏃🏼‍♀️‍➡️	woman running facing right: medium-light skin tone		People & Body	🏃‍♀️‍➡️	medium-light
🏃🏽‍♀️‍➡️	woman running facing right: medium skin tone		People & Body	🏃‍♀️‍➡️	medium
🏃🏾‍♀️‍➡️	woman running facing right: medium-dark skin tone		People & Body	🏃‍♀️‍➡️	medium-dark
🏃🏿‍♀️‍➡️	woman running facing right: dark skin tone		People & Body	🏃‍♀️‍➡️	dark
🏃‍♂️‍➡️	man running facing right		People & Body	🏃‍♂️‍➡️	default
🏃🏻‍♂️‍➡️	man running facing right: light skin tone		People & Body	🏃‍♂️‍➡️	light
🏃🏼‍♂️‍➡️	man running facing right: medium-light skin tone		People & Body	🏃‍♂️‍➡️	medium-light
🏃🏽‍♂️‍➡️	man running facing right: medium skin tone		People & Body	🏃‍♂️‍➡️	medium
🏃🏾‍♂️‍➡️	man running facing right: medium-dark skin tone		People & Body	🏃‍♂️‍➡️	medium-dark
🏃🏿‍♂️‍➡️	man running facing right: dark skin tone		People & Body	🏃‍♂️‍➡️	dark
🧑‍🩰	ballet dancer		People & Body	🧑‍🩰	default
🧑🏻‍🩰	ballet dancer: light skin tone		People & Body	🧑‍🩰	light
🧑🏼‍🩰	ballet dancer: medium-light skin tone		People & Body	🧑‍🩰	medium-light
🧑🏽‍🩰	ballet dancer: medium skin tone		People & Body	🧑‍🩰	medium
🧑🏾‍🩰	ballet dancer: medium-dark skin tone		People & Body	🧑‍🩰	medium-dark
🧑🏿‍🩰	ballet dancer: dark skin tone		People & Body	🧑‍🩰	dark
💃	woman dancing	woman_dancing dancer	People & Body	💃	default
💃🏻	woman dancing: light skin tone		People & Body	💃	light
💃🏼	woman dancing: medium-light skin tone		People & Body	💃	medium-light
💃🏽	woman dancing: medium skin tone		People & Body	💃	medium
💃🏾	woman dancing: medium-dark skin tone		People & Body	💃	medium-dark
💃🏿	woman dancing: dark skin tone		People & Body	💃	dark
🕺	man dancing	man_dancing	People & Body	🕺	default
🕺🏻	man dancing: light skin tone		People & Body	🕺	light
🕺🏼	man dancing: medium-light skin tone		People & Body	🕺	medium-light
🕺🏽	man dancing: medium skin tone		People & Body	🕺	medium
🕺🏾	man dancing: medium-dark skin tone		People & Body	🕺	medium-dark
🕺🏿	man dancing: dark skin tone		People & Body	🕺	dark
🕴️	person in suit levitating	business_suit_levitating	People & Body	🕴️	default
🕴🏻	person in suit levitating: light skin tone		People & Body	🕴️	light
🕴🏼	person in suit levitating: medium-light skin tone		People & Body	🕴️	medium-light
🕴🏽	person in suit levitating: medium skin tone		People & Body	🕴️	medium
🕴🏾	person in suit levitating: medium-dark skin tone		People & Body	🕴️	medium-dark
🕴🏿	person in suit levitating: dark skin tone		People & Body	🕴️	dark
👯	people with bunny ears	dancers	People & Body	👯	default
👯🏻	people with bunny ears: light skin tone		People & Body	👯	light
👯🏼	people with bunny ears: medium-light skin tone		People & Body	👯	medium-light
👯🏽	people with bunny ears: medium skin tone		People & Body	👯	medium
👯🏾	people with bunny ears: medium-dark skin tone		People & Body	👯	medium-dark
👯🏿	people with bunny ears: dark skin tone		People & Body	👯	dark
🧑🏻‍🐰‍🧑🏼	people with bunny ears: light skin tone, medium-light skin tone		People & Body	👯	mixed
🧑🏻‍🐰‍🧑🏽	people with bunny ears: light skin tone, medium skin tone		People & Body	👯	mixed
🧑🏻‍🐰‍🧑🏾	people with bunny ears: light skin tone, medium-dark skin tone		People & Body	👯	mixed
🧑🏻‍🐰‍🧑🏿	people with bunny ears: light skin tone, dark skin tone		People & Body	👯	mixed
🧑🏼‍🐰‍🧑🏻	people with bunny ears: medium-light skin tone, light skin tone		People & Body	👯	mixed
🧑🏼‍🐰‍🧑🏽	people with bunny ears: medium-light skin tone, medium skin tone		People & Body	👯	mixed
🧑🏼‍🐰‍🧑🏾	people with bunny ears: medium-light skin tone, medium-dark skin tone		People & Body	👯	mixed
🧑🏼‍🐰‍🧑🏿	people with bunny ears: medium-light skin tone, dark skin tone		People & Body	👯	mixed
🧑🏽‍🐰‍🧑🏻	people with bunny ears: medium skin tone, light skin tone		People & Body	👯	mixed
🧑🏽‍🐰‍🧑🏼	people with bunny ears: medium skin tone, medium-light skin tone		People & Body	👯	mixed
🧑🏽‍🐰‍🧑🏾	people with bunny ears: medium skin tone, medium-dark skin tone		People & Body	👯	mixed
🧑🏽‍🐰‍🧑🏿	people with bunny ears: medium skin tone, dark skin tone		People & Body	👯	mixed
🧑🏾‍🐰‍🧑🏻	people with bunny ears: medium-dark skin tone, light skin tone		People & Body	👯	mixed
🧑🏾‍🐰‍🧑🏼	people with bunny ears: medium-dark skin tone, medium-light skin tone		People & Body	👯	mixed
🧑🏾‍🐰‍🧑🏽	people with bunny ears: medium-dark skin tone, medium skin tone		People & Body	👯	mixed
🧑🏾‍🐰‍🧑🏿	people with bunny ears: medium-dark skin tone, dark skin tone		People & Body	👯	mixed
🧑🏿‍🐰‍🧑🏻	people with bunny ears: dark skin tone, light skin tone		People & Body	👯	mixed
🧑🏿‍🐰‍🧑🏼	people with bunny ears: dark skin tone, medium-light skin tone		People & Body	👯	mixed
🧑🏿‍🐰‍🧑🏽	people with bunny ears: dark skin tone, medium skin tone		People & Body	👯	mixed
🧑🏿‍🐰‍🧑🏾	people with bunny ears: dark skin tone, medium-dark skin tone		People & Body	👯	mixed
👯‍♂️	men with bunny ears	dancing_men	People & Body	👯‍♂️	default
👯🏻‍♂️	men with bunny ears: light skin tone		People & Body	👯‍♂️	light
👯🏼‍♂️	men with bunny ears: medium-light skin tone		People & Body	👯‍♂️	medium-light
👯🏽‍♂️	men with bunny ears: medium skin tone		People & Body	👯‍♂️	medium
👯🏾‍♂️	men with bunny ears: medium-dark skin tone		People & Body	👯‍♂️	medium-dark
👯🏿‍♂️	men with bunny ears: dark skin tone		People & Body	👯‍♂️	dark
👨🏻‍🐰‍👨🏼	men with bunny ears: light skin tone, medium-light skin tone		People & Body	👯‍♂️	mixed
👨🏻‍🐰‍👨🏽	men with bunny ears: light skin tone, medium skin tone		People & Body	👯‍♂️	mixed
👨🏻‍🐰‍👨🏾	men with bunny ears: light skin tone, medium-dark skin tone		People & Body	👯‍♂️	mixed
👨🏻‍🐰‍👨🏿	men with bunny ears: light skin tone, dark skin tone		People & Body	👯‍♂️	mixed
👨🏼‍🐰‍👨🏻	men with bunny ears: medium-light skin tone, light skin tone		People & Body	👯‍♂️	mixed
👨🏼‍🐰‍👨🏽	men with bunny ears: medium-light skin tone, medium skin tone		People & Body	👯‍♂️	mixed
👨🏼‍🐰‍👨🏾	men with bunny ears: medium-light skin tone, medium-dark skin tone		People & Body	👯‍♂️	mixed
👨🏼‍🐰‍👨🏿	men with bunny ears: medium-light skin tone, dark skin tone		People & Body	👯‍♂️	mixed
👨🏽‍🐰‍👨🏻	men with bunny ears: medium skin tone, light skin tone		People & Body	👯‍♂️	mixed
👨🏽‍🐰‍👨🏼	men with bunny ears: medium skin tone, medium-light skin tone		People & Body	👯‍♂️	mixed
👨🏽‍🐰‍👨🏾	men with bunny ears: medium skin tone, medium-dark skin tone		People & Body	👯‍♂️	mixed
👨🏽‍🐰‍👨🏿	men with bunny ears: medium skin tone, dark skin tone		People & Body	👯‍♂️	mixed
👨🏾‍🐰‍👨🏻	men with bunny ears: medium-dark skin tone, light skin tone		People & Body	👯‍♂️	mixed
👨🏾‍🐰‍👨🏼	men with bunny ears: medium-dark skin tone, medium-light skin tone		People & Body	👯‍♂️	mixed
👨🏾‍🐰‍👨🏽	men with bunny ears: medium-dark skin tone, medium skin tone		People & Body	👯‍♂️	mixed
👨🏾‍🐰‍👨🏿	men with bunny ears: medium-dark skin tone, dark skin tone		People & Body	👯‍♂️	mixed
👨🏿‍🐰‍👨🏻	men with bunny ears: dark skin tone, light skin tone		People & Body	👯‍♂️	mixed
👨🏿‍🐰‍👨🏼	men with bunny ears: dark skin tone, medium-light skin tone		People & Body	👯‍♂️	mixed
👨🏿‍🐰‍👨🏽	men with bunny ears: dark skin tone, medium skin tone		People & Body	👯‍♂️	mixed
👨🏿‍🐰‍👨🏾	men with bunny ears: dark skin tone, medium-dark skin tone		People & Body	👯‍♂️	mixed
👯‍♀️	women with bunny ears	dancing_women	People & Body	👯‍♀️	default
👯🏻‍♀️	women with bunny ears: light skin tone		People & Body	👯‍♀️	light
👯🏼‍♀️	women with bunny ears: medium-light skin tone		People & Body	👯‍♀️	medium-light
👯🏽‍♀️	women with bunny ears: medium skin tone		People & Body	👯‍♀️	medium
👯🏾‍♀️	women with bunny ears: medium-dark skin tone		People & Body	👯‍♀️	medium-dark
👯🏿‍♀️	women with bunny ears: dark skin tone		People & Body	👯‍♀️	dark
👩🏻‍🐰‍👩🏼	women with bunny ears: light skin tone, medium-light skin tone		People & Body	👯‍♀️	mixed
👩🏻‍🐰‍👩🏽	women with bunny ears: light skin tone, medium skin tone		People & Body	👯‍♀️	mixed
👩🏻‍🐰‍👩🏾	women with bunny ears: light skin tone, medium-dark skin tone		People & Body	👯‍♀️	mixed
👩🏻‍🐰‍👩🏿	women with bunny ears: light skin tone, dark skin tone		People & Body	👯‍♀️	mixed
👩🏼‍🐰‍👩🏻	women with bunny ears: medium-light skin tone, light skin tone		People & Body	👯‍♀️	mixed
👩🏼‍🐰‍👩🏽	women with bunny ears: medium-light skin tone, medium skin tone		People & Body	👯‍♀️	mixed
👩🏼‍🐰‍👩🏾	women with bunny ears: medium-light skin tone, medium-dark skin tone		People & Body	👯‍♀️	mixed
👩🏼‍🐰‍👩🏿	women with bunny ears: medium-light skin tone, dark skin tone		People & Body	👯‍♀️	mixed
👩🏽‍🐰‍👩🏻	women with bunny ears: medium skin tone, light skin tone		People & Body	👯‍♀️	mixed
👩🏽‍🐰‍👩🏼	women with bunny ears: medium skin tone, medium-light skin tone		People & Body	👯‍♀️	mixed
👩🏽‍🐰‍👩🏾	women with bunny ears: medium skin tone, medium-dark skin tone		People & Body	👯‍♀️	mixed
👩🏽‍🐰‍👩🏿	women with bunny ears: medium skin tone, dark skin tone		People & Body	👯‍♀️	mixed
👩🏾‍🐰‍👩🏻	women with bunny ears: medium-dark skin tone, light skin tone		People & Body	👯‍♀️	mixed
👩🏾‍🐰‍👩🏼	women with bunny ears: medium-dark skin tone, medium-light skin tone		People & Body	👯‍♀️	mixed
👩🏾‍🐰‍👩🏽	women with bunny ears: medium-dark skin tone, medium skin tone		People & Body	👯‍♀️	mixed
👩🏾‍🐰‍👩🏿	women with bunny ears: medium-dark skin tone, dark skin tone		People & Body	👯‍♀️	mixed
👩🏿‍🐰‍👩🏻	women with bunny ears: dark skin tone, light skin tone		People & Body	👯‍♀️	mixed
👩🏿‍🐰‍👩🏼	women with bunny ears: dark skin tone, medium-light skin tone		People & Body	👯‍♀️	mixed
👩🏿‍🐰‍👩🏽	women with bunny ears: dark skin tone, medium skin tone		People & Body	👯‍♀️	mixed
👩🏿‍🐰‍👩🏾	women with bunny ears: dark skin tone, medium-dark skin tone		People & Body	👯‍♀️	mixed
🧖	person in steamy room	sauna_person	People & Body	🧖	default
🧖🏻	person in steamy room: light skin tone		People & Body	🧖	light
🧖🏼	person in steamy room: medium-light skin tone		People & Body	🧖	medium-light
🧖🏽	person in steamy room: medium skin tone		People & Body	🧖	medium
🧖🏾	person in steamy room: medium-dark skin tone		People & Body	🧖	medium-dark
🧖🏿	person in steamy room: dark skin tone		People & Body	🧖	dark
🧖‍♂️	man in steamy room	sauna_man	People & Body	🧖‍♂️	default
🧖🏻‍♂️	man in steamy room: light skin tone		People & Body	🧖‍♂️	light
🧖🏼‍♂️	man in steamy room: medium-light skin tone		People & Body	🧖‍♂️	medium-light
🧖🏽‍♂️	man in steamy room: medium skin tone		People & Body	🧖‍♂️	medium
🧖🏾‍♂️	man in steamy room: medium-dark skin tone		People & Body	🧖‍♂️	medium-dark
🧖🏿‍♂️	man in steamy room: dark skin tone		People & Body	🧖‍♂️	dark
🧖‍♀️	woman in steamy room	sauna_woman	People & Body	🧖‍♀️	default
🧖🏻‍♀️	woman in steamy room: light skin tone		People & Body	🧖‍♀️	light
🧖🏼‍♀️	woman in steamy room: medium-light skin tone		People & Body	🧖‍♀️	medium-light
🧖🏽‍♀️	woman in steamy room: medium skin tone		People & Body	🧖‍♀️	medium
🧖🏾‍♀️	woman in steamy room: medium-dark skin tone		People & Body	🧖‍♀️	medium-dark
🧖🏿‍♀️	woman in steamy room: dark skin tone		People & Body	🧖‍♀️	dark
🧗	person climbing	climbing	People & Body	🧗	default
🧗🏻	person climbing: light skin tone		People & Body	🧗	light
🧗🏼	person climbing: medium-light skin tone		People & Body	🧗	medium-light
🧗🏽	person climbing: medium skin tone		People & Body	🧗	medium
🧗🏾	person climbing: medium-dark skin tone		People & Body	🧗	medium-dark
🧗🏿	person climbing: dark skin tone		People & Body	🧗	dark
🧗‍♂️	man climbing	climbing_man	People & Body	🧗‍♂️	default
🧗🏻‍♂️	man climbing: light skin tone		People & Body	🧗‍♂️	light
🧗🏼‍♂️	man climbing: medium-light skin tone		People & Body	🧗‍♂️	medium-light
🧗🏽‍♂️	man climbing: medium skin tone		People & Body	🧗‍♂️	medium
🧗🏾‍♂️	man climbing: medium-dark skin tone		People & Body	🧗‍♂️	medium-dark
🧗🏿‍♂️	man climbing: dark skin tone		People & Body	🧗‍♂️	dark
🧗‍♀️	woman climbing	climbing_woman	People & Body	🧗‍♀️	default
🧗🏻‍♀️	woman climbing: light skin tone		People & Body	🧗‍♀️	light
🧗🏼‍♀️	woman climbing: medium-light skin tone		People & Body	🧗‍♀️	medium-light
🧗🏽‍♀️	woman climbing: medium skin tone		People & Body	🧗‍♀️	medium
🧗🏾‍♀️	woman climbing: medium-dark skin tone		People & Body	🧗‍♀️	medium-dark
🧗🏿‍♀️	woman climbing: dark skin tone		People & Body	🧗‍♀️	dark
🤺	person fencing	person_fencing	People & Body	🤺	none
🏇	horse racing	horse_racing	People & Body	🏇	default
🏇🏻	horse racing: light skin tone		People & Body	🏇	light
🏇🏼	horse racing: medium-light skin tone		People & Body	🏇	medium-light
🏇🏽	horse racing: medium skin tone		People & Body	🏇	medium
🏇🏾	horse racing: medium-dark skin tone		People & Body	🏇	medium-dark
🏇🏿	horse racing: dark skin tone		People & Body	🏇	dark
⛷️	skier	skier	People & Body	⛷️	none
🏂	snowboarder	snowboarder	People & Body	🏂	default
🏂🏻	snowboarder: light skin tone		People & Body	🏂	light
🏂🏼	snowboarder: medium-light skin tone		People & Body	🏂	medium-light
🏂🏽	snowboarder: medium skin tone		People & Body	🏂	medium
🏂🏾	snowboarder: medium-dark skin tone		People & Body	🏂	medium-dark
🏂🏿	snowboarder: dark skin tone		People & Body	🏂	dark
🏌️	person golfing	golfing	People & Body	🏌️	default
🏌🏻	person golfing: light skin tone		People & Body	🏌️	light
🏌🏼	person golfing: medium-light skin tone		People & Body	🏌️	medium-light
🏌🏽	person golfing: medium skin tone		People & Body	🏌️	medium
🏌🏾	person golfing: medium-dark skin tone		People & Body	🏌️	medium-dark
🏌🏿	person golfing: dark skin tone		People & Body	🏌️	dark
🏌️‍♂️	man golfing	golfing_man	People & Body	🏌️‍♂️	default
🏌🏻‍♂️	man golfing: light skin tone		People & Body	🏌️‍♂️	light
🏌🏼‍♂️	man golfing: medium-light skin tone		People & Body	🏌️‍♂️	medium-light
🏌🏽‍♂️	man golfing: medium skin tone		People & Body	🏌️‍♂️	medium
🏌🏾‍♂️	man golfing: medium-dark skin tone		People & Body	🏌️‍♂️	medium-dark
🏌🏿‍♂️	man golfing: dark skin tone		People & Body	🏌️‍♂️	dark
🏌️‍♀️	woman golfing	golfing_woman	People & Body	🏌️‍♀️	default
🏌🏻‍♀️	woman golfing: light skin tone		People & Body	🏌️‍♀️	light
🏌🏼‍♀️	woman golfing: medium-light skin tone		People & Body	🏌️‍♀️	medium-light
🏌🏽‍♀️	woman golfing: medium skin tone		People & Body	🏌️‍♀️	medium
🏌🏾‍♀️	woman golfing: medium-dark skin tone		People & Body	🏌️‍♀️	medium-dark
🏌🏿‍♀️	woman golfing: dark skin tone		People & Body	🏌️‍♀️	dark
🏄	person surfing	surfer	People & Body	🏄	default
🏄🏻	person surfing: light skin tone		People & Body	🏄	light
🏄🏼	person surfing: medium-light skin tone		People & Body	🏄	medium-light
🏄🏽	person surfing: medium skin tone		People & Body	🏄	medium
🏄🏾	person surfing: medium-dark skin tone		People & Body	🏄	medium-dark
🏄🏿	person surfing: dark skin tone		People & Body	🏄	dark
🏄‍♂️	man surfing	surfing_man	People & Body	🏄‍♂️	default
🏄🏻‍♂️	man surfing: light skin tone		People & Body	🏄‍♂️	light
🏄🏼‍♂️	man surfing: medium-light skin tone		People & Body	🏄‍♂️	medium-light
🏄🏽‍♂️	man surfing: medium skin tone		People & Body	🏄‍♂️	medium
🏄🏾‍♂️	man surfing: medium-dark skin tone		People & Body	🏄‍♂️	medium-dark
🏄🏿‍♂️	man surfing: dark skin tone		People & Body	🏄‍♂️	dark
🏄‍♀️	woman surfing	surfing_woman	People & Body	🏄‍♀️	default
🏄🏻‍♀️	woman surfing: light skin tone		People & Body	🏄‍♀️	light
🏄🏼‍♀️	woman surfing: medium-light skin tone		People & Body	🏄‍♀️	medium-light
🏄🏽‍♀️	woman surfing: medium skin tone		People & Body	🏄‍♀️	medium
🏄🏾‍♀️	woman surfing: medium-dark skin tone		People & Body	🏄‍♀️	medium-dark
🏄🏿‍♀️	woman surfing: dark skin tone		People & Body	🏄‍♀️	dark
🚣	person rowing boat	rowboat	People & Body	🚣	default
🚣🏻	person rowing boat: light skin tone		People & Body	🚣	light
🚣🏼	person rowing boat: medium-light skin tone		People & Body	🚣	medium-light
🚣🏽	person rowing boat: medium skin tone		People & Body	🚣	medium
🚣🏾	person rowing boat: medium-dark skin tone		People & Body	🚣	medium-dark
🚣🏿	person rowing boat: dark skin tone		People & Body	🚣	dark
🚣‍♂️	man rowing boat	rowing_man	People & Body	🚣‍♂️	default
🚣🏻‍♂️	man rowing boat: light skin tone		People & Body	🚣‍♂️	light
🚣🏼‍♂️	man rowing boat: medium-light skin tone		People & Body	🚣‍♂️	medium-light
🚣🏽‍♂️	man rowing boat: medium skin tone		People & Body	🚣‍♂️	medium
🚣🏾‍♂️	man rowing boat: medium-dark skin tone		People & Body	🚣‍♂️	medium-dark
🚣🏿‍♂️	man rowing boat: dark skin tone		People & Body	🚣‍♂️	dark
🚣‍♀️	woman rowing boat	rowing_woman	People & Body	🚣‍♀️	default
🚣🏻‍♀️	woman rowing boat: light skin tone		People & Body	🚣‍♀️	light
🚣🏼‍♀️	woman rowing boat: medium-light skin tone		People & Body	🚣‍♀️	medium-light
🚣🏽‍♀️	woman rowing boat: medium skin tone		People & Body	🚣‍♀️	medium
🚣🏾‍♀️	woman rowing boat: medium-dark skin tone		People & Body	🚣‍♀️	medium-dark
🚣🏿‍♀️	woman rowing boat: dark skin tone		People & Body	🚣‍♀️	dark
🏊	person swimming	swimmer	People & Body	🏊	default
🏊🏻	person swimming: light skin tone		People & Body	🏊	light
🏊🏼	person swimming: medium-light skin tone		People & Body	🏊	medium-light
🏊🏽	person swimming: medium skin tone		People & Body	🏊	medium
🏊🏾	person swimming: medium-dark skin tone		People & Body	🏊	medium-dark
🏊🏿	person swimming: dark skin tone		People & Body	🏊	dark
🏊‍♂️	man swimming	swimming_man	People & Body	🏊‍♂️	default
🏊🏻‍♂️	man swimming: light skin tone		People & Body	🏊‍♂️	light
🏊🏼‍♂️	man swimming: medium-light skin tone		People & Body	🏊‍♂️	medium-light
🏊🏽‍♂️	man swimming: medium skin tone		People & Body	🏊‍♂️	medium
🏊🏾‍♂️	man swimming: medium-dark skin tone		People & Body	🏊‍♂️	medium-dark
🏊🏿‍♂️	man swimming: dark skin tone		People & Body	🏊‍♂️	dark
🏊‍♀️	woman swimming	swimming_woman	People & Body	🏊‍♀️	default
🏊🏻‍♀️	woman swimming: light skin tone		People & Body	🏊‍♀️	light
🏊🏼‍♀️	woman swimming: medium-light skin tone		People & Body	🏊‍♀️	medium-light
🏊🏽‍♀️	woman swimming: medium skin tone		People & Body	🏊‍♀️	medium
🏊🏾‍♀️	woman swimming: medium-dark skin tone		People & Body	🏊‍♀️	medium-dark
🏊🏿‍♀️	woman swimming: dark skin tone		People & Body	🏊‍♀️	dark
⛹️	person bouncing ball	bouncing_ball_person	People & Body	⛹️	default
⛹🏻	person bouncing ball: light skin tone		People & Body	⛹️	light
⛹🏼	person bouncing ball: medium-light skin tone		People & Body	⛹️	medium-light
⛹🏽	person bouncing ball: medium skin tone		People & Body	⛹️	medium
⛹🏾	person bouncing ball: medium-dark skin tone		People & Body	⛹️	medium-dark
⛹🏿	person bouncing ball: dark skin tone		People & Body	⛹️	dark
⛹️‍♂️	man bouncing ball	bouncing_ball_man basketball_man	People & Body	⛹️‍♂️	default
⛹🏻‍♂️	man bouncing ball: light skin tone		People & Body	⛹️‍♂️	light
⛹🏼‍♂️	man bouncing ball: medium-light skin tone		People & Body	⛹️‍♂️	medium-light
⛹🏽‍♂️	man bouncing ball: medium skin tone		People & Body	⛹️‍♂️	medium
⛹🏾‍♂️	man bouncing ball: medium-dark skin tone		People & Body	⛹️‍♂️	medium-dark
⛹🏿‍♂️	man bouncing ball: dark skin tone		People & Body	⛹️‍♂️	dark
⛹️‍♀️	woman bouncing ball	bouncing_ball_woman basketball_woman	People & Body	⛹️‍♀️	default
⛹🏻‍♀️	woman bouncing ball: light skin tone		People & Body	⛹️‍♀️	light
⛹🏼‍♀️	woman bouncing ball: medium-light skin tone		People & Body	⛹️‍♀️	medium-light
⛹🏽‍♀️	woman bouncing ball: medium skin tone		People & Body	⛹️‍♀️	medium
⛹🏾‍♀️	woman bouncing ball: medium-dark skin tone		People & Body	⛹️‍♀️	medium-dark
⛹🏿‍♀️	woman bouncing ball: dark skin tone		People & Body	⛹️‍♀️	dark
🏋️	person lifting weights	weight_lifting	People & Body	🏋️	default
🏋🏻	person lifting weights: light skin tone		People & Body	🏋️	light
🏋🏼	person lifting weights: medium-light skin tone		People & Body	🏋️	medium-light
🏋🏽	person lifting weights: medium skin tone		People & Body	🏋️	medium
🏋🏾	person lifting weights: medium-dark skin tone		People & Body	🏋️	medium-dark
🏋🏿	person lifting weights: dark skin tone		People & Body	🏋️	dark
🏋️‍♂️	man lifting weights	weight_lifting_man	People & Body	🏋️‍♂️	default
🏋🏻‍♂️	man lifting weights: light skin tone		People & Body	🏋️‍♂️	light
🏋🏼‍♂️	man lifting weights: medium-light skin tone		People & Body	🏋️‍♂️	medium-light
🏋🏽‍♂️	man lifting weights: medium skin tone		People & Body	🏋️‍♂️	medium
🏋🏾‍♂️	man lifting weights: medium-dark skin tone		People & Body	🏋️‍♂️	medium-dark
🏋🏿‍♂️	man lifting weights: dark skin tone		People & Body	🏋️‍♂️	dark
🏋️‍♀️	woman lifting weights	weight_lifting_woman	People & Body	🏋️‍♀️	default
🏋🏻‍♀️	woman lifting weights: light skin tone		People & Body	🏋️‍♀️	light
🏋🏼‍♀️	woman lifting weights: medium-light skin tone		People & Body	🏋️‍♀️	medium-light
🏋🏽‍♀️	woman lifting weights: medium skin tone		People & Body	🏋️‍♀️	medium
🏋🏾‍♀️	woman lifting weights: medium-dark skin tone		People & Body	🏋️‍♀️	medium-dark
🏋🏿‍♀️	woman lifting weights: dark skin tone		People & Body	🏋️‍♀️	dark
🚴	person biking	bicyclist	People & Body	🚴	default
🚴🏻	person biking: light skin tone		People & Body	🚴	light
🚴🏼	person biking: medium-light skin tone		People & Body	🚴	medium-light
🚴🏽	person biking: medium skin tone		People & Body	🚴	medium
🚴🏾	person biking: medium-dark skin tone		People & Body	🚴	medium-dark
🚴🏿	person biking: dark skin tone		People & Body	🚴	dark
🚴‍♂️	man biking	biking_man	People & Body	🚴‍♂️	default
🚴🏻‍♂️	man biking: light skin tone		People & Body	🚴‍♂️	light
🚴🏼‍♂️	man biking: medium-light skin tone		People & Body	🚴‍♂️	medium-light
🚴🏽‍♂️	man biking: medium skin tone		People & Body	🚴‍♂️	medium
🚴🏾‍♂️	man biking: medium-dark skin tone		People & Body	🚴‍♂️	medium-dark
🚴🏿‍♂️	man biking: dark skin tone		People & Body	🚴‍♂️	dark
🚴‍♀️	woman biking	biking_woman	People & Body	🚴‍♀️	default
🚴🏻‍♀️	woman biking: light skin tone		People & Body	🚴‍♀️	light
🚴🏼‍♀️	woman biking: medium-light skin tone		People & Body	🚴‍♀️	medium-light
🚴🏽‍♀️	woman biking: medium skin tone		People & Body	🚴‍♀️	medium
🚴🏾‍♀️	woman biking: medium-dark skin tone		People & Body	🚴‍♀️	medium-dark
🚴🏿‍♀️	woman biking: dark skin tone		People & Body	🚴‍♀️	dark
🚵	person mountain biking	mountain_bicyclist	People & Body	🚵	default
🚵🏻	person mountain biking: light skin tone		People & Body	🚵	light
🚵🏼	person mountain biking: medium-light skin tone		People & Body	🚵	medium-light
🚵🏽	person mountain biking: medium skin tone		People & Body	🚵	medium
🚵🏾	person mountain biking: medium-dark skin tone		People & Body	🚵	medium-dark
🚵🏿	person mountain biking: dark skin tone		People & Body	🚵	dark
🚵‍♂️	man mountain biking	mountain_biking_man	People & Body	🚵‍♂️	default
🚵🏻‍♂️	man mountain biking: light skin tone		People & Body	🚵‍♂️	light
🚵🏼‍♂️	man mountain biking: medium-light skin tone		People & Body	🚵‍♂️	medium-light
🚵🏽‍♂️	man mountain biking: medium skin tone		People & Body	🚵‍♂️	medium
🚵🏾‍♂️	man mountain biking: medium-dark skin tone		People & Body	🚵‍♂️	medium-dark
🚵🏿‍♂️	man mountain biking: dark skin tone		People & Body	🚵‍♂️	dark
🚵‍♀️	woman mountain biking	mountain_biking_woman	People & Body	🚵‍♀️	default
🚵🏻‍♀️	woman mountain biking: light skin tone		People & Body	🚵‍♀️	light
🚵🏼‍♀️	woman mountain biking: medium-light skin tone		People & Body	🚵‍♀️	medium-light
🚵🏽‍♀️	woman mountain biking: medium skin tone		People & Body	🚵‍♀️	medium
🚵🏾‍♀️	woman mountain biking: medium-dark skin tone		People & Body	🚵‍♀️	medium-dark
🚵🏿‍♀️	woman mountain biking: dark skin tone		People & Body	🚵‍♀️	dark
🤸	person cartwheeling	cartwheeling	People & Body	🤸	default
🤸🏻	person cartwheeling: light skin tone		People & Body	🤸	light
🤸🏼	person cartwheeling: medium-light skin tone		People & Body	🤸	medium-light
🤸🏽	person cartwheeling: medium skin tone		People & Body	🤸	medium
🤸🏾	person cartwheeling: medium-dark skin tone		People & Body	🤸	medium-dark
🤸🏿	person cartwheeling: dark skin tone		People & Body	🤸	dark
🤸‍♂️	man cartwheeling	man_cartwheeling	People & Body	🤸‍♂️	default
🤸🏻‍♂️	man cartwheeling: light skin tone		People & Body	🤸‍♂️	light
🤸🏼‍♂️	man cartwheeling: medium-light skin tone		People & Body	🤸‍♂️	medium-light
🤸🏽‍♂️	man cartwheeling: medium skin tone		People & Body	🤸‍♂️	medium
🤸🏾‍♂️	man cartwheeling: medium-dark skin tone		People & Body	🤸‍♂️	medium-dark
🤸🏿‍♂️	man cartwheeling: dark skin tone		People & Body	🤸‍♂️	dark
🤸‍♀️	woman cartwheeling	woman_cartwheeling	People & Body	🤸‍♀️	default
🤸🏻‍♀️	woman cartwheeling: light skin tone		People & Body	🤸‍♀️	light
🤸🏼‍♀️	woman cartwheeling: medium-light skin tone		People & Body	🤸‍♀️	medium-light
🤸🏽‍♀️	woman cartwheeling: medium skin tone		People & Body	🤸‍♀️	medium
🤸🏾‍♀️	woman cartwheeling: medium-dark skin tone		People & Body	🤸‍♀️	medium-dark
🤸🏿‍♀️	woman cartwheeling: dark skin tone		People & Body	🤸‍♀️	dark
🤼	people wrestling	wrestling	People & Body	🤼	default
🤼🏻	people wrestling: light skin tone		People & Body	🤼	light
🤼🏼	people wrestling: medium-light skin tone		People & Body	🤼	medium-light
🤼🏽	people wrestling: medium skin tone		People & Body	🤼	medium
🤼🏾	people wrestling: medium-dark skin tone		People & Body	🤼	medium-dark
🤼🏿	people wrestling: dark skin tone		People & Body	🤼	dark
🧑🏻‍🫯‍🧑🏼	people wrestling: light skin tone, medium-light skin tone		People & Body	🤼	mixed
🧑🏻‍🫯‍🧑🏽	people wrestling: light skin tone, medium skin tone		People & Body	🤼	mixed
🧑🏻‍🫯‍🧑🏾	people wrestling: light skin tone, medium-dark skin tone		People & Body	🤼	mixed
🧑🏻‍🫯‍🧑🏿	people wrestling: light skin tone, dark skin tone		People & Body	🤼	mixed
🧑🏼‍🫯‍🧑🏻	people wrestling: medium-light skin tone, light skin tone		People & Body	🤼	mixed
🧑🏼‍🫯‍🧑🏽	people wrestling: medium-light skin tone, medium skin tone		People & Body	🤼	mixed
🧑🏼‍🫯‍🧑🏾	people wrestling: medium-light skin tone, medium-dark skin tone		People & Body	🤼	mixed
🧑🏼‍🫯‍🧑🏿	people wrestling: medium-light skin tone, dark skin tone		People & Body	🤼	mixed
🧑🏽‍🫯‍🧑🏻	people wrestling: medium skin tone, light skin tone		People & Body	🤼	mixed
🧑🏽‍🫯‍🧑🏼	people wrestling: medium skin tone, medium-light skin tone		People & Body	🤼	mixed
🧑🏽‍🫯‍🧑🏾	people wrestling: medium skin tone, medium-dark skin tone		People & Body	🤼	mixed
🧑🏽‍🫯‍🧑🏿	people wrestling: medium skin tone, dark skin tone		People & Body	🤼	mixed
🧑🏾‍🫯‍🧑🏻	people wrestling: medium-dark skin tone, light skin tone		People & Body	🤼	mixed
🧑🏾‍🫯‍🧑🏼	people wrestling: medium-dark skin tone, medium-light skin tone		People & Body	🤼	mixed
🧑🏾‍🫯‍🧑🏽	people wrestling: medium-dark skin tone, medium skin tone		People & Body	🤼	mixed
🧑🏾‍🫯‍🧑🏿	people wrestling: medium-dark skin tone, dark skin tone		People & Body	🤼	mixed
🧑🏿‍🫯‍🧑🏻	people wrestling: dark skin tone, light skin tone		People & Body	🤼	mixed
🧑🏿‍🫯‍🧑🏼	people wrestling: dark skin tone, medium-light skin tone		People & Body	🤼	mixed
🧑🏿‍🫯‍🧑🏽	people wrestling: dark skin tone, medium skin tone		People & Body	🤼	mixed
🧑🏿‍🫯‍🧑🏾	people wrestling: dark skin tone, medium-dark skin tone		People & Body	🤼	mixed
🤼‍♂️	men wrestling	men_wrestling	People & Body	🤼‍♂️	default
🤼🏻‍♂️	men wrestling: light skin tone		People & Body	🤼‍♂️	light
🤼🏼‍♂️	men wrestling: medium-light skin tone		People & Body	🤼‍♂️	medium-light
🤼🏽‍♂️	men wrestling: medium skin tone		People & Body	🤼‍♂️	medium
🤼🏾‍♂️	men wrestling: medium-dark skin tone		People & Body	🤼‍♂️	medium-dark
🤼🏿‍♂️	men wrestling: dark skin tone		People & Body	🤼‍♂️	dark
👨🏻‍🫯‍👨🏼	men wrestling: light skin tone, medium-light skin tone		People & Body	🤼‍♂️	mixed
👨🏻‍🫯‍👨🏽	men wrestling: light skin tone, medium skin tone		People & Body	🤼‍♂️	mixed
👨🏻‍🫯‍👨🏾	men wrestling: light skin tone, medium-dark skin tone		People & Body	🤼‍♂️	mixed
👨🏻‍🫯‍👨🏿	men wrestling: light skin tone, dark skin tone		People & Body	🤼‍♂️	mixed
👨🏼‍🫯‍👨🏻	men wrestling: medium-light skin tone, light skin tone		People & Body	🤼‍♂️	mixed
👨🏼‍🫯‍👨🏽	men wrestling: medium-light skin tone, medium skin tone		People & Body	🤼‍♂️	mixed
👨🏼‍🫯‍👨🏾	men wrestling: medium-light skin tone, medium-dark skin tone		People & Body	🤼‍♂️	mixed
👨🏼‍🫯‍👨🏿	men wrestling: medium-light skin tone, dark skin tone		People & Body	🤼‍♂️	mixed
👨🏽‍🫯‍👨🏻	men wrestling: medium skin tone, light skin tone		People & Body	🤼‍♂️	mixed
👨🏽‍🫯‍👨🏼	men wrestling: medium skin tone, medium-light skin tone		People & Body	🤼‍♂️	mixed
👨🏽‍🫯‍👨🏾	men wrestling: medium skin tone, medium-dark skin tone		People & Body	🤼‍♂️	mixed
👨🏽‍🫯‍👨🏿	men wrestling: medium skin tone, dark skin tone		People & Body	🤼‍♂️	mixed
👨🏾‍🫯‍👨🏻	men wrestling: medium-dark skin tone, light skin tone		People & Body	🤼‍♂️	mixed
👨🏾‍🫯‍👨🏼	men wrestling: medium-dark skin tone, medium-light skin tone		People & Body	🤼‍♂️	mixed
👨🏾‍🫯‍👨🏽	men wrestling: medium-dark skin tone, medium skin tone		People & Body	🤼‍♂️	mixed
👨🏾‍🫯‍👨🏿	men wrestling: medium-dark skin tone, dark skin tone		People & Body	🤼‍♂️	mixed
👨🏿‍🫯‍👨🏻	men wrestling: dark skin tone, light skin tone		People & Body	🤼‍♂️	mixed
👨🏿‍🫯‍👨🏼	men wrestling: dark skin tone, medium-light skin tone		People & Body	🤼‍♂️	mixed
👨🏿‍🫯‍👨🏽	men wrestling: dark skin tone, medium skin tone		People & Body	🤼‍♂️	mixed
👨🏿‍🫯‍👨🏾	men wrestling: dark skin tone, medium-dark skin tone		People & Body	🤼‍♂️	mixed
🤼‍♀️	women wrestling	women_wrestling	People & Body	🤼‍♀️	default
🤼🏻‍♀️	women wrestling: light skin tone		People & Body	🤼‍♀️	light
🤼🏼‍♀️	women wrestling: medium-light skin tone		People & Body	🤼‍♀️	medium-light
🤼🏽‍♀️	women wrestling: medium skin tone		People & Body	🤼‍♀️	medium
🤼🏾‍♀️	women wrestling: medium-dark skin tone		People & Body	🤼‍♀️	medium-dark
🤼🏿‍♀️	women wrestling: dark skin tone		People & Body	🤼‍♀️	dark
👩🏻‍🫯‍👩🏼	women wrestling: light skin tone, medium-light skin tone		People & Body	🤼‍♀️	mixed
👩🏻‍🫯‍👩🏽	women wrestling: light skin tone, medium skin tone		People & Body	🤼‍♀️	mixed
👩🏻‍🫯‍👩🏾	women wrestling: light skin tone, medium-dark skin tone		People & Body	🤼‍♀️	mixed
👩🏻‍🫯‍👩🏿	women wrestling: light skin tone, dark skin tone		People & Body	🤼‍♀️	mixed
👩🏼‍🫯‍👩🏻	women wrestling: medium-light skin tone, light skin tone		People & Body	🤼‍♀️	mixed
👩🏼‍🫯‍👩🏽	women wrestling: medium-light skin tone, medium skin tone		People & Body	🤼‍♀️	mixed
👩🏼‍🫯‍👩🏾	women wrestling: medium-light skin tone, medium-dark skin tone		People & Body	🤼‍♀️	mixed
👩🏼‍🫯‍👩🏿	women wrestling: medium-light skin tone, dark skin tone		People & Body	🤼‍♀️	mixed
👩🏽‍🫯‍👩🏻	women wrestling: medium skin tone, light skin tone		People & Body	🤼‍♀️	mixed
👩🏽‍🫯‍👩🏼	women wrestling: medium skin tone, medium-light skin tone		People & Body	🤼‍♀️	mixed
👩🏽‍🫯‍👩🏾	women wrestling: medium skin tone, medium-dark skin tone		People & Body	🤼‍♀️	mixed
👩🏽‍🫯‍👩🏿	women wrestling: medium skin tone, dark skin tone		People & Body	🤼‍♀️	mixed
👩🏾‍🫯‍👩🏻	women wrestling: medium-dark skin tone, light skin tone		People & Body	🤼‍♀️	mixed
👩🏾‍🫯‍👩🏼	women wrestling: medium-dark skin tone, medium-light skin tone		People & Body	🤼‍♀️	mixed
👩🏾‍🫯‍👩🏽	women wrestling: medium-dark skin tone, medium skin tone		People & Body	🤼‍♀️	mixed
👩🏾‍🫯‍👩🏿	women wrestling: medium-dark skin tone, dark skin tone		People & Body	🤼‍♀️	mixed
👩🏿‍🫯‍👩🏻	women wrestling: dark skin tone, light skin tone		People & Body	🤼‍♀️	mixed
👩🏿‍🫯‍👩🏼	women wrestling: dark skin tone, medium-light skin tone		People & Body	🤼‍♀️	mixed
👩🏿‍🫯‍👩🏽	women wrestling: dark skin tone, medium skin tone		People & Body	🤼‍♀️	mixed
👩🏿‍🫯‍👩🏾	women wrestling: dark skin tone, medium-dark skin tone		People & Body	🤼‍♀️	mixed
🤽	person playing water polo	water_polo	People & Body	🤽	default
🤽🏻	person playing water polo: light skin tone		People & Body	🤽	light
🤽🏼	person playing water polo: medium-light skin tone		People & Body	🤽	medium-light
🤽🏽	person playing water polo: medium skin tone		People & Body	🤽	medium
🤽🏾	person playing water polo: medium-dark skin tone		People & Body	🤽	medium-dark
🤽🏿	person playing water polo: dark skin tone		People & Body	🤽	dark
🤽‍♂️	man playing water polo	man_playing_water_polo	People & Body	🤽‍♂️	default
🤽🏻‍♂️	man playing water polo: light skin tone		People & Body	🤽‍♂️	light
🤽🏼‍♂️	man playing water polo: medium-light skin tone		People & Body	🤽‍♂️	medium-light
🤽🏽‍♂️	man playing water polo: medium skin tone		People & Body	🤽‍♂️	medium
🤽🏾‍♂️	man playing water polo: medium-dark skin tone		People & Body	🤽‍♂️	medium-dark
🤽🏿‍♂️	man playing water polo: dark skin tone		People & Body	🤽‍♂️	dark
🤽‍♀️	woman playing water polo	woman_playing_water_polo	People & Body	🤽‍♀️	default
🤽🏻‍♀️	woman playing water polo: light skin tone		People & Body	🤽‍♀️	light
🤽🏼‍♀️	woman playing water polo: medium-light skin tone		People & Body	🤽‍♀️	medium-light
🤽🏽‍♀️	woman playing water polo: medium skin tone		People & Body	🤽‍♀️	medium
🤽🏾‍♀️	woman playing water polo: medium-dark skin tone		People & Body	🤽‍♀️	medium-dark
🤽🏿‍♀️	woman playing water polo: dark skin tone		People & Body	🤽‍♀️	dark
🤾	person playing handball	handball_person	People & Body	🤾	default
🤾🏻	person playing handball: light skin tone		People & Body	🤾	light
🤾🏼	person playing handball: medium-light skin tone		People & Body	🤾	medium-light
🤾🏽	person playing handball: medium skin tone		People & Body	🤾	medium
🤾🏾	person playing handball: medium-dark skin tone		People & Body	🤾	medium-dark
🤾🏿	person playing handball: dark skin tone		People & Body	🤾	dark
🤾‍♂️	man playing handball	man_playing_handball	People & Body	🤾‍♂️	default
🤾🏻‍♂️	man playing handball: light skin tone		People & Body	🤾‍♂️	light
🤾🏼‍♂️	man playing handball: medium-light skin tone		People & Body	🤾‍♂️	medium-light
🤾🏽‍♂️	man playing handball: medium skin tone		People & Body	🤾‍♂️	medium
🤾🏾‍♂️	man playing handball: medium-dark skin tone		People & Body	🤾‍♂️	medium-dark
🤾🏿‍♂️	man playing handball: dark skin tone		People & Body	🤾‍♂️	dark
🤾‍♀️	woman playing handball	woman_playing_handball	People & Body	🤾‍♀️	default
🤾🏻‍♀️	woman playing handball: light skin tone		People & Body	🤾‍♀️	light
🤾🏼‍♀️	woman playing handball: medium-light skin tone		People & Body	🤾‍♀️	medium-light
🤾🏽‍♀️	woman playing handball: medium skin tone		People & Body	🤾‍♀️	medium
🤾🏾‍♀️	woman playing handball: medium-dark skin tone		People & Body	🤾‍♀️	medium-dark
🤾🏿‍♀️	woman playing handball: dark skin tone		People & Body	🤾‍♀️	dark
🤹	person juggling	juggling_person	People & Body	🤹	default
🤹🏻	person juggling: light skin tone		People & Body	🤹	light
🤹🏼	person juggling: medium-light skin tone		People & Body	🤹	medium-light
🤹🏽	person juggling: medium skin tone		People & Body	🤹	medium
🤹🏾	person juggling: medium-dark skin tone		People & Body	🤹	medium-dark
🤹🏿	person juggling: dark skin tone		People & Body	🤹	dark
🤹‍♂️	man juggling	man_juggling	People & Body	🤹‍♂️	default
🤹🏻‍♂️	man juggling: light skin tone		People & Body	🤹‍♂️	light
🤹🏼‍♂️	man juggling: medium-light skin tone		People & Body	🤹‍♂️	medium-light
🤹🏽‍♂️	man juggling: medium skin tone		People & Body	🤹‍♂️	medium
🤹🏾‍♂️	man juggling: medium-dark skin tone		People & Body	🤹‍♂️	medium-dark
🤹🏿‍♂️	man juggling: dark skin tone		People & Body	🤹‍♂️	dark
🤹‍♀️	woman juggling	woman_juggling	People & Body	🤹‍♀️	default
🤹🏻‍♀️	woman juggling: light skin tone		People & Body	🤹‍♀️	light
🤹🏼‍♀️	woman juggling: medium-light skin tone		People & Body	🤹‍♀️	medium-light
🤹🏽‍♀️	woman juggling: medium skin tone		People & Body	🤹‍♀️	medium
🤹🏾‍♀️	woman juggling: medium-dark skin tone		People & Body	🤹‍♀️	medium-dark
🤹🏿‍♀️	woman juggling: dark skin tone		People & Body	🤹‍♀️	dark
🧘	person in lotus position	lotus_position	People & Body	🧘	default
🧘🏻	person in lotus position: light skin tone		People & Body	🧘	light
🧘🏼	person in lotus position: medium-light skin tone		People & Body	🧘	medium-light
🧘🏽	person in lotus position: medium skin tone		People & Body	🧘	medium
🧘🏾	person in lotus position: medium-dark skin tone		People & Body	🧘	medium-dark
🧘🏿	person in lotus position: dark skin tone		People & Body	🧘	dark
🧘‍♂️	man in lotus position	lotus_position_man	People & Body	🧘‍♂️	default
🧘🏻‍♂️	man in lotus position: light skin tone		People & Body	🧘‍♂️	light
🧘🏼‍♂️	man in lotus position: medium-light skin tone		People & Body	🧘‍♂️	medium-light
🧘🏽‍♂️	man in lotus position: medium skin tone		People & Body	🧘‍♂️	medium
🧘🏾‍♂️	man in lotus position: medium-dark skin tone		People & Body	🧘‍♂️	medium-dark
🧘🏿‍♂️	man in lotus position: dark skin tone		People & Body	🧘‍♂️	dark
🧘‍♀️	woman in lotus position	lotus_position_woman	People & Body	🧘‍♀️	default
🧘🏻‍♀️	woman in lotus position: light skin tone		People & Body	🧘‍♀️	light
🧘🏼‍♀️	woman in lotus position: medium-light skin tone		People & Body	🧘‍♀️	medium-light
🧘🏽‍♀️	woman in lotus position: medium skin tone		People & Body	🧘‍♀️	medium
🧘🏾‍♀️	woman in lotus position: medium-dark skin tone		People & Body	🧘‍♀️	medium-dark
🧘🏿‍♀️	woman in lotus position: dark skin tone		People & Body	🧘‍♀️	dark
🛀	person taking bath	bath	People & Body	🛀	default
🛀🏻	person taking bath: light skin tone		People & Body	🛀	light
🛀🏼	person taking bath: medium-light skin tone		People & Body	🛀	medium-light
🛀🏽	person taking bath: medium skin tone		People & Body	🛀	medium
🛀🏾	person taking bath: medium-dark skin tone		People & Body	🛀	medium-dark
🛀🏿	person taking bath: dark skin tone		People & Body	🛀	dark
🛌	person in bed	sleeping_bed	People & Body	🛌	default
🛌🏻	person in bed: light skin tone		People & Body	🛌	light
🛌🏼	person in bed: medium-light skin tone		People & Body	🛌	medium-light
🛌🏽	person in bed: medium skin tone		People & Body	🛌	medium
🛌🏾	person in bed: medium-dark skin tone		People & Body	🛌	medium-dark
🛌🏿	person in bed: dark skin tone		People & Body	🛌	dark
🧑‍🤝‍🧑	people holding hands	people_holding_hands	People & Body	🧑‍🤝‍🧑	default
🧑🏻‍🤝‍🧑🏻	people holding hands: light skin tone		People & Body	🧑‍🤝‍🧑	light
🧑🏼‍🤝‍🧑🏼	people holding hands: medium-light skin tone		People & Body	🧑‍🤝‍🧑	medium-light
🧑🏽‍🤝‍🧑🏽	people holding hands: medium skin tone		People & Body	🧑‍🤝‍🧑	medium
🧑🏾‍🤝‍🧑🏾	people holding hands: medium-dark skin tone		People & Body	🧑‍🤝‍🧑	medium-dark
🧑🏿‍🤝‍🧑🏿	people holding hands: dark skin tone		People & Body	🧑‍🤝‍🧑	dark
🧑🏻‍🤝‍🧑🏼	people holding hands: light skin tone, medium-light skin tone		People & Body	🧑‍🤝‍🧑	mixed
🧑🏻‍🤝‍🧑🏽	people holding hands: light skin tone, medium skin tone		People & Body	🧑‍🤝‍🧑	mixed
🧑🏻‍🤝‍🧑🏾	people holding hands: light skin tone, medium-dark skin tone		People & Body	🧑‍🤝‍🧑	mixed
🧑🏻‍🤝‍🧑🏿	people holding hands: light skin tone, dark skin tone		People & Body	🧑‍🤝‍🧑	mixed
🧑🏼‍🤝‍🧑🏻	people holding hands: medium-light skin tone, light skin tone		People & Body	🧑‍🤝‍🧑	mixed
🧑🏼‍🤝‍🧑🏽	people holding hands: medium-light skin tone, medium skin tone		People & Body	🧑‍🤝‍🧑	mixed
🧑🏼‍🤝‍🧑🏾	people holding hands: medium-light skin tone, medium-dark skin tone		People & Body	🧑‍🤝‍🧑	mixed
🧑🏼‍🤝‍🧑🏿	people holding hands: medium-light skin tone, dark skin tone		People & Body	🧑‍🤝‍🧑	mixed
🧑🏽‍🤝‍🧑🏻	people holding hands: medium skin tone, light skin tone		People & Body	🧑‍🤝‍🧑	mixed
🧑🏽‍🤝‍🧑🏼	people holding hands: medium skin tone, medium-light skin tone		People & Body	🧑‍🤝‍🧑	mixed
🧑🏽‍🤝‍🧑🏾	people holding hands: medium skin tone, medium-dark skin tone		People & Body	🧑‍🤝‍🧑	mixed
🧑🏽‍🤝‍🧑🏿	people holding hands: medium skin tone, dark skin tone		People & Body	🧑‍🤝‍🧑	mixed
🧑🏾‍🤝‍🧑🏻	people holding hands: medium-dark skin tone, light skin tone		People & Body	🧑‍🤝‍🧑	mixed
🧑🏾‍🤝‍🧑🏼	people holding hands: medium-dark skin tone, medium-light skin tone		People & Body	🧑‍🤝‍🧑	mixed
🧑🏾‍🤝‍🧑🏽	people holding hands: medium-dark skin tone, medium skin tone		People & Body	🧑‍🤝‍🧑	mixed
🧑🏾‍🤝‍🧑🏿	people holding hands: medium-dark skin tone, dark skin tone		People & Body	🧑‍🤝‍🧑	mixed
🧑🏿‍🤝‍🧑🏻	people holding hands: dark skin tone, light skin tone		People & Body	🧑‍🤝‍🧑	mixed
🧑🏿‍🤝‍🧑🏼	people holding hands: dark skin tone, medium-light skin tone		People & Body	🧑‍🤝‍🧑	mixed
🧑🏿‍🤝‍🧑🏽	people holding hands: dark skin tone, medium skin tone		People & Body	🧑‍🤝‍🧑	mixed
🧑🏿‍🤝‍🧑🏾	people holding hands: dark skin tone, medium-dark skin tone		People & Body	🧑‍🤝‍🧑	mixed
👭	women holding hands	two_women_holding_hands	People & Body	👭	default
👭🏻	women holding hands: light skin tone		People & Body	👭	light
👭🏼	women holding hands: medium-light skin tone		People & Body	👭	medium-light
👭🏽	women holding hands: medium skin tone		People & Body	👭	medium
👭🏾	women holding hands: medium-dark skin tone		People & Body	👭	medium-dark
👭🏿	women holding hands: dark skin tone		People & Body	👭	dark
👩🏻‍🤝‍👩🏼	women holding hands: light skin tone, medium-light skin tone		People & Body	👭	mixed
👩🏻‍🤝‍👩🏽	women holding hands: light skin tone, medium skin tone		People & Body	👭	mixed
👩🏻‍🤝‍👩🏾	women holding hands: light skin tone, medium-dark skin tone		People & Body	👭	mixed
👩🏻‍🤝‍👩🏿	women holding hands: light skin tone, dark skin tone		People & Body	👭	mixed
👩🏼‍🤝‍👩🏻	women holding hands: medium-light skin tone, light skin tone		People & Body	👭	mixed
👩🏼‍🤝‍👩🏽	women holding hands: medium-light skin tone, medium skin tone		People & Body	👭	mixed
👩🏼‍🤝‍👩🏾	women holding hands: medium-light skin tone, medium-dark skin tone		People & Body	👭	mixed
👩🏼‍🤝‍👩🏿	women holding hands: medium-light skin tone, dark skin tone		People & Body	👭	mixed
👩🏽‍🤝‍👩🏻	women holding hands: medium skin tone, light skin tone		People & Body	👭	mixed
👩🏽‍🤝‍👩🏼	women holding hands: medium skin tone, medium-light skin tone		People & Body	👭	mixed
👩🏽‍🤝‍👩🏾	women holding hands: medium skin tone, medium-dark skin tone		People & Body	👭	mixed
👩🏽‍🤝‍👩🏿	women holding hands: medium skin tone, dark skin tone		People & Body	👭	mixed
👩🏾‍🤝‍👩🏻	women holding hands: medium-dark skin tone, light skin tone		People & Body	👭	mixed
👩🏾‍🤝‍👩🏼	women holding hands: medium-dark skin tone, medium-light skin tone		People & Body	👭	mixed
👩🏾‍🤝‍👩🏽	women holding hands: medium-dark skin tone, medium skin tone		People & Body	👭	mixed
👩🏾‍🤝‍👩🏿	women holding hands: medium-dark skin tone, dark skin tone		People & Body	👭	mixed
👩🏿‍🤝‍👩🏻	women holding hands: dark skin tone, light skin tone		People & Body	👭	mixed
👩🏿‍🤝‍👩🏼	women holding hands: dark skin tone, medium-light skin tone		People & Body	👭	mixed
👩🏿‍🤝‍👩🏽	women holding hands: dark skin tone, medium skin tone		People & Body	👭	mixed
👩🏿‍🤝‍👩🏾	women holding hands: dark skin tone, medium-dark skin tone		People & Body	👭	mixed
👫	woman and man holding hands	couple	People & Body	👫	default
👫🏻	woman and man holding hands: light skin tone		People & Body	👫	light
👫🏼	woman and man holding hands: medium-light skin tone		People & Body	👫	medium-light
👫🏽	woman and man holding hands: medium skin tone		People & Body	👫	medium
👫🏾	woman and man holding hands: medium-dark skin tone		People & Body	👫	medium-dark
👫🏿	woman and man holding hands: dark skin tone		People & Body	👫	dark
👩🏻‍🤝‍👨🏼	woman and man holding hands: light skin tone, medium-light skin tone		People & Body	👫	mixed
👩🏻‍🤝‍👨🏽	woman and man holding hands: light skin tone, medium skin tone		People & Body	👫	mixed
👩🏻‍🤝‍👨🏾	woman and man holding hands: light skin tone, medium-dark skin tone		People & Body	👫	mixed
👩🏻‍🤝‍👨🏿	woman and man holding hands: light skin tone, dark skin tone		People & Body	👫	mixed
👩🏼‍🤝‍👨🏻	woman and man holding hands: medium-light skin tone, light skin tone		People & Body	👫	mixed
👩🏼‍🤝‍👨🏽	woman and man holding hands: medium-light skin tone, medium skin tone		People & Body	👫	mixed
👩🏼‍🤝‍👨🏾	woman and man holding hands: medium-light skin tone, medium-dark skin tone		People & Body	👫	mixed
👩🏼‍🤝‍👨🏿	woman and man holding hands: medium-light skin tone, dark skin tone		People & Body	👫	mixed
👩🏽‍🤝‍👨🏻	woman and man holding hands: medium skin tone, light skin tone		People & Body	👫	mixed
👩🏽‍🤝‍👨🏼	woman and man holding hands: medium skin tone, medium-light skin tone		People & Body	👫	mixed
👩🏽‍🤝‍👨🏾	woman and man holding hands: medium skin tone, medium-dark skin tone		People & Body	👫	mixed
👩🏽‍🤝‍👨🏿	woman and man holding hands: medium skin tone, dark skin tone		People & Body	👫	mixed
👩🏾‍🤝‍👨🏻	woman and man holding hands: medium-dark skin tone, light skin tone		People & Body	👫	mixed
👩🏾‍🤝‍👨🏼	woman and man holding hands: medium-dark skin tone, medium-light skin tone		People & Body	👫	mixed
👩🏾‍🤝‍👨🏽	woman and man holding hands: medium-dark skin tone, medium skin tone		People & Body	👫	mixed
👩🏾‍🤝‍👨🏿	woman and man holding hands: medium-dark skin tone, dark skin tone		People & Body	👫	mixed
👩🏿‍🤝‍👨🏻	woman and man holding hands: dark skin tone, light skin tone		People & Body	👫	mixed
👩🏿‍🤝‍👨🏼	woman and man holding hands: dark skin tone, medium-light skin tone		People & Body	👫	mixed
👩🏿‍🤝‍👨🏽	woman and man holding hands: dark skin tone, medium skin tone		People & Body	👫	mixed
👩🏿‍🤝‍👨🏾	woman and man holding hands: dark skin tone, medium-dark skin tone		People & Body	👫	mixed
👬	men holding hands	two_men_holding_hands	People & Body	👬	default
👬🏻	men holding hands: light skin tone		People & Body	👬	light
👬🏼	men holding hands: medium-light skin tone		People & Body	👬	medium-light
👬🏽	men holding hands: medium skin tone		People & Body	👬	medium
👬🏾	men holding hands: medium-dark skin tone		People & Body	👬	medium-dark
👬🏿	men holding hands: dark skin tone		People & Body	👬	dark
👨🏻‍🤝‍👨🏼	men holding hands: light skin tone, medium-light skin tone		People & Body	👬	mixed
👨🏻‍🤝‍👨🏽	men holding hands: light skin tone, medium skin tone		People & Body	👬	mixed
👨🏻‍🤝‍👨🏾	men holding hands: light skin tone, medium-dark skin tone		People & Body	👬	mixed
👨🏻‍🤝‍👨🏿	men holding hands: light skin tone, dark skin tone		People & Body	👬	mixed
👨🏼‍🤝‍👨🏻	men holding hands: medium-light skin tone, light skin tone		People & Body	👬	mixed
👨🏼‍🤝‍👨🏽	men holding hands: medium-light skin tone, medium skin tone		People & Body	👬	mixed
👨🏼‍🤝‍👨🏾	men holding hands: medium-light skin tone, medium-dark skin tone		People & Body	👬	mixed
👨🏼‍🤝‍👨🏿	men holding hands: medium-light skin tone, dark skin tone		People & Body	👬	mixed
👨🏽‍🤝‍👨🏻	men holding hands: medium skin tone, light skin tone		People & Body	👬	mixed
👨🏽‍🤝‍👨🏼	men holding hands: medium skin tone, medium-light skin tone		People & Body	👬	mixed
👨🏽‍🤝‍👨🏾	men holding hands: medium skin tone, medium-dark skin tone		People & Body	👬	mixed
👨🏽‍🤝‍👨🏿	men holding hands: medium skin tone, dark skin tone		People & Body	👬	mixed
👨🏾‍🤝‍👨🏻	men holding hands: medium-dark skin tone, light skin tone		People & Body	👬	mixed
👨🏾‍🤝‍👨🏼	men holding hands: medium-dark skin tone, medium-light skin tone		People & Body	👬	mixed
👨🏾‍🤝‍👨🏽	men holding hands: medium-dark skin tone, medium skin tone		People & Body	👬	mixed
👨🏾‍🤝‍👨🏿	men holding hands: medium-dark skin tone, dark skin tone		People & Body	👬	mixed
👨🏿‍🤝‍👨🏻	men holding hands: dark skin tone, light skin tone		People & Body	👬	mixed
👨🏿‍🤝‍👨🏼	men holding hands: dark skin tone, medium-light skin tone		People & Body	👬	mixed
👨🏿‍🤝‍👨🏽	men holding hands: dark skin tone, medium skin tone		People & Body	👬	mixed
👨🏿‍🤝‍👨🏾	men holding hands: dark skin tone, medium-dark skin tone		People & Body	👬	mixed
💏	kiss	couplekiss	People & Body	💏	default
💏🏻	kiss: light skin tone		People & Body	💏	light
💏🏼	kiss: medium-light skin tone		People & Body	💏	medium-light
💏🏽	kiss: medium skin tone		People & Body	💏	medium
💏🏾	kiss: medium-dark skin tone		People & Body	💏	medium-dark
💏🏿	kiss: dark skin tone		People & Body	💏	dark
🧑🏻‍❤️‍💋‍🧑🏼	kiss: person, person, light skin tone, medium-light skin tone		People & Body	💏	mixed
🧑🏻‍❤️‍💋‍🧑🏽	kiss: person, person, light skin tone, medium skin tone		People & Body	💏	mixed
🧑🏻‍❤️‍💋‍🧑🏾	kiss: person, person, light skin tone, medium-dark skin tone		People & Body	💏	mixed
🧑🏻‍❤️‍💋‍🧑🏿	kiss: person, person, light skin tone, dark skin tone		People & Body	💏	mixed
🧑🏼‍❤️‍💋‍🧑🏻	kiss: person, person, medium-light skin tone, light skin tone		People & Body	💏	mixed
🧑🏼‍❤️‍💋‍🧑🏽	kiss: person, person, medium-light skin tone, medium skin tone		People & Body	💏	mixed
🧑🏼‍❤️‍💋‍🧑🏾	kiss: person, person, medium-light skin tone, medium-dark skin tone		People & Body	💏	mixed
🧑🏼‍❤️‍💋‍🧑🏿	kiss: person, person, medium-light skin tone, dark skin tone		People & Body	💏	mixed
🧑🏽‍❤️‍💋‍🧑🏻	kiss: person, person, medium skin tone, light skin tone		People & Body	💏	mixed
🧑🏽‍❤️‍💋‍🧑🏼	kiss: person, person, medium skin tone, medium-light skin tone		People & Body	💏	mixed
🧑🏽‍❤️‍💋‍🧑🏾	kiss: person, person, medium skin tone, medium-dark skin tone		People & Body	💏	mixed
🧑🏽‍❤️‍💋‍🧑🏿	kiss: person, person, medium skin tone, dark skin tone		People & Body	💏	mixed
🧑🏾‍❤️‍💋‍🧑🏻	kiss: person, person, medium-dark skin tone, light skin tone		People & Body	💏	mixed
🧑🏾‍❤️‍💋‍🧑🏼	kiss: person, person, medium-dark skin tone, medium-light skin tone		People & Body	💏	mixed
🧑🏾‍❤️‍💋‍🧑🏽	kiss: person, person, medium-dark skin tone, medium skin tone		People & Body	💏	mixed
🧑🏾‍❤️‍💋‍🧑🏿	kiss: person, person, medium-dark skin tone, dark skin tone		People & Body	💏	mixed
🧑🏿‍❤️‍💋‍🧑🏻	kiss: person, person, dark skin tone, light skin tone		People & Body	💏	mixed
🧑🏿‍❤️‍💋‍🧑🏼	kiss: person, person, dark skin tone, medium-light skin tone		People & Body	💏	mixed
🧑🏿‍❤️‍💋‍🧑🏽	kiss: person, person, dark skin tone, medium skin tone		People & Body	💏	mixed
🧑🏿‍❤️‍💋‍🧑🏾	kiss: person, person, dark skin tone, medium-dark skin tone		People & Body	💏	mixed
👩‍❤️‍💋‍👨	kiss: woman, man	couplekiss_man_woman	People & Body	👩‍❤️‍💋‍👨	default
👩🏻‍❤️‍💋‍👨🏻	kiss: woman, man, light skin tone		People & Body	👩‍❤️‍💋‍👨	light
👩🏼‍❤️‍💋‍👨🏼	kiss: woman, man, medium-light skin tone		People & Body	👩‍❤️‍💋‍👨	medium-light
👩🏽‍❤️‍💋‍👨🏽	kiss: woman, man, medium skin tone		People & Body	👩‍❤️‍💋‍👨	medium
👩🏾‍❤️‍💋‍👨🏾	kiss: woman, man, medium-dark skin tone		People & Body	👩‍❤️‍💋‍👨	medium-dark
👩🏿‍❤️‍💋‍👨🏿	kiss: woman, man, dark skin tone		People & Body	👩‍❤️‍💋‍👨	dark
👩🏻‍❤️‍💋‍👨🏼	kiss: woman, man, light skin tone, medium-light skin tone		People & Body	👩‍❤️‍💋‍👨	mixed
👩🏻‍❤️‍💋‍👨🏽	kiss: woman, man, light skin tone, medium skin tone		People & Body	👩‍❤️‍💋‍👨	mixed
👩🏻‍❤️‍💋‍👨🏾	kiss: woman, man, light skin tone, medium-dark skin tone		People & Body	👩‍❤️‍💋‍👨	mixed
👩🏻‍❤️‍💋‍👨🏿	kiss: woman, man, light skin tone, dark skin tone		People & Body	👩‍❤️‍💋‍👨	mixed
👩🏼‍❤️‍💋‍👨🏻	kiss: woman, man, medium-light skin tone, light skin tone		People & Body	👩‍❤️‍💋‍👨	mixed
👩🏼‍❤️‍💋‍👨🏽	kiss: woman, man, medium-light skin tone, medium skin tone		People & Body	👩‍❤️‍💋‍👨	mixed
👩🏼‍❤️‍💋‍👨🏾	kiss: woman, man, medium-light skin tone, medium-dark skin tone		People & Body	👩‍❤️‍💋‍👨	mixed
👩🏼‍❤️‍💋‍👨🏿	kiss: woman, man, medium-light skin tone, dark skin tone		People & Body	👩‍❤️‍💋‍👨	mixed
👩🏽‍❤️‍💋‍👨🏻	kiss: woman, man, medium skin tone, light skin tone		People & Body	👩‍❤️‍💋‍👨	mixed
👩🏽‍❤️‍💋‍👨🏼	kiss: woman, man, medium skin tone, medium-light skin tone		People & Body	👩‍❤️‍💋‍👨	mixed
👩🏽‍❤️‍💋‍👨🏾	kiss: woman, man, medium skin tone, medium-dark skin tone		People & Body	👩‍❤️‍💋‍👨	mixed
👩🏽‍❤️‍💋‍👨🏿	kiss: woman, man, medium skin tone, dark skin tone		People & Body	👩‍❤️‍💋‍👨	mixed
👩🏾‍❤️‍💋‍👨🏻	kiss: woman, man, medium-dark skin tone, light skin tone		People & Body	👩‍❤️‍💋‍👨	mixed
👩🏾‍❤️‍💋‍👨🏼	kiss: woman, man, medium-dark skin tone, medium-light skin tone		People & Body	👩‍❤️‍💋‍👨	mixed
👩🏾‍❤️‍💋‍👨🏽	kiss: woman, man, medium-dark skin tone, medium skin tone		People & Body	👩‍❤️‍💋‍👨	mixed
👩🏾‍❤️‍💋‍👨🏿	kiss: woman, man, medium-dark skin tone, dark skin tone		People & Body	👩‍❤️‍💋‍👨	mixed
👩🏿‍❤️‍💋‍👨🏻	kiss: woman, man, dark skin tone, light skin tone		People & Body	👩‍❤️‍💋‍👨	mixed
👩🏿‍❤️‍💋‍👨🏼	kiss: woman, man, dark skin tone, medium-light skin tone		People & Body	👩‍❤️‍💋‍👨	mixed
👩🏿‍❤️‍💋‍👨🏽	kiss: woman, man, dark skin tone, medium skin tone		People & Body	👩‍❤️‍💋‍👨	mixed
👩🏿‍❤️‍💋‍👨🏾	kiss: woman, man, dark skin tone, medium-dark skin tone		People & Body	👩‍❤️‍💋‍👨	mixed
👨‍❤️‍💋‍👨	kiss: man, man	couplekiss_man_man	People & Body	👨‍❤️‍💋‍👨	default
👨🏻‍❤️‍💋‍👨🏻	kiss: man, man, light skin tone		People & Body	👨‍❤️‍💋‍👨	light
👨🏼‍❤️‍💋‍👨🏼	kiss: man, man, medium-light skin tone		People & Body	👨‍❤️‍💋‍👨	medium-light
👨🏽‍❤️‍💋‍👨🏽	kiss: man, man, medium skin tone		People & Body	👨‍❤️‍💋‍👨	medium
👨🏾‍❤️‍💋‍👨🏾	kiss: man, man, medium-dark skin tone		People & Body	👨‍❤️‍💋‍👨	medium-dark
👨🏿‍❤️‍💋‍👨🏿	kiss: man, man, dark skin tone		People & Body	👨‍❤️‍💋‍👨	dark
👨🏻‍❤️‍💋‍👨🏼	kiss: man, man, light skin tone, medium-light skin tone		People & Body	👨‍❤️‍💋‍👨	mixed
👨🏻‍❤️‍💋‍👨🏽	kiss: man, man, light skin tone, medium skin tone		People & Body	👨‍❤️‍💋‍👨	mixed
👨🏻‍❤️‍💋‍👨🏾	kiss: man, man, light skin tone, medium-dark skin tone		People & Body	👨‍❤️‍💋‍👨	mixed
👨🏻‍❤️‍💋‍👨🏿	kiss: man, man, light skin tone, dark skin tone		People & Body	👨‍❤️‍💋‍👨	mixed
👨🏼‍❤️‍💋‍👨🏻	kiss: man, man, medium-light skin tone, light skin tone		People & Body	👨‍❤️‍💋‍👨	mixed
👨🏼‍❤️‍💋‍👨🏽	kiss: man, man, medium-light skin tone, medium skin tone		People & Body	👨‍❤️‍💋‍👨	mixed
👨🏼‍❤️‍💋‍👨🏾	kiss: man, man, medium-light skin tone, medium-dark skin tone		People & Body	👨‍❤️‍💋‍👨	mixed
👨🏼‍❤️‍💋‍👨🏿	kiss: man, man, medium-light skin tone, dark skin tone		People & Body	👨‍❤️‍💋‍👨	mixed
👨🏽‍❤️‍💋‍👨🏻	kiss: man, man, medium skin tone, light skin tone		People & Body	👨‍❤️‍💋‍👨	mixed
👨🏽‍❤️‍💋‍👨🏼	kiss: man, man, medium skin tone, medium-light skin tone		People & Body	👨‍❤️‍💋‍👨	mixed
👨🏽‍❤️‍💋‍👨🏾	kiss: man, man, medium skin tone, medium-dark skin tone		People & Body	👨‍❤️‍💋‍👨	mixed
👨🏽‍❤️‍💋‍👨🏿	kiss: man, man, medium skin tone, dark skin tone		People & Body	👨‍❤️‍💋‍👨	mixed
👨🏾‍❤️‍💋‍👨🏻	kiss: man, man, medium-dark skin tone, light skin tone		People & Body	👨‍❤️‍💋‍👨	mixed
👨🏾‍❤️‍💋‍👨🏼	kiss: man, man, medium-dark skin tone, medium-light skin tone		People & Body	👨‍❤️‍💋‍👨	mixed
👨🏾‍❤️‍💋‍👨🏽	kiss: man, man, medium-dark skin tone, medium skin tone		People & Body	👨‍❤️‍💋‍👨	mixed
👨🏾‍❤️‍💋‍👨🏿	kiss: man, man, medium-dark skin tone, dark skin tone		People & Body	👨‍❤️‍💋‍👨	mixed
👨🏿‍❤️‍💋‍👨🏻	kiss: man, man, dark skin tone, light skin tone		People & Body	👨‍❤️‍💋‍👨	mixed
👨🏿‍❤️‍💋‍👨🏼	kiss: man, man, dark skin tone, medium-light skin tone		People & Body	👨‍❤️‍💋‍👨	mixed
👨🏿‍❤️‍💋‍👨🏽	kiss: man, man, dark skin tone, medium skin tone		People & Body	👨‍❤️‍💋‍👨	mixed
👨🏿‍❤️‍💋‍👨🏾	kiss: man, man, dark skin tone, medium-dark skin tone		People & Body	👨‍❤️‍💋‍👨	mixed
👩‍❤️‍💋‍👩	kiss: woman, woman	couplekiss_woman_woman	People & Body	👩‍❤️‍💋‍👩	default
👩🏻‍❤️‍💋‍👩🏻	kiss: woman, woman, light skin tone		People & Body	👩‍❤️‍💋‍👩	light
👩🏼‍❤️‍💋‍👩🏼	kiss: woman, woman, medium-light skin tone		People & Body	👩‍❤️‍💋‍👩	medium-light
👩🏽‍❤️‍💋‍👩🏽	kiss: woman, woman, medium skin tone		People & Body	👩‍❤️‍💋‍👩	medium
👩🏾‍❤️‍💋‍👩🏾	kiss: woman, woman, medium-dark skin tone		People & Body	👩‍❤️‍💋‍👩	medium-dark
👩🏿‍❤️‍💋‍👩🏿	kiss: woman, woman, dark skin tone		People & Body	👩‍❤️‍💋‍👩	dark
👩🏻‍❤️‍💋‍👩🏼	kiss: woman, woman, light skin tone, medium-light skin tone		People & Body	👩‍❤️‍💋‍👩	mixed
👩🏻‍❤️‍💋‍👩🏽	kiss: woman, woman, light skin tone, medium skin tone		People & Body	👩‍❤️‍💋‍👩	mixed
👩🏻‍❤️‍💋‍👩🏾	kiss: woman, woman, light skin tone, medium-dark skin tone		People & Body	👩‍❤️‍💋‍👩	mixed
👩🏻‍❤️‍💋‍👩🏿	kiss: woman, woman, light skin tone, dark skin tone		People & Body	👩‍❤️‍💋‍👩	mixed
👩🏼‍❤️‍💋‍👩🏻	kiss: woman, woman, medium-light skin tone, light skin tone		People & Body	👩‍❤️‍💋‍👩	mixed
👩🏼‍❤️‍💋‍👩🏽	kiss: woman, woman, medium-light skin tone, medium skin tone		People & Body	👩‍❤️‍💋‍👩	mixed
👩🏼‍❤️‍💋‍👩🏾	kiss: woman, woman, medium-light skin tone, medium-dark skin tone		People & Body	👩‍❤️‍💋‍👩	mixed
👩🏼‍❤️‍💋‍👩🏿	kiss: woman, woman, medium-light skin tone, dark skin tone		People & Body	👩‍❤️‍💋‍👩	mixed
👩🏽‍❤️‍💋‍👩🏻	kiss: woman, woman, medium skin tone, light skin tone		People & Body	👩‍❤️‍💋‍👩	mixed
👩🏽‍❤️‍💋‍👩🏼	kiss: woman, woman, medium skin tone, medium-light skin tone		People & Body	👩‍❤️‍💋‍👩	mixed
👩🏽‍❤️‍💋‍👩🏾	kiss: woman, woman, medium skin tone, medium-dark skin tone		People & Body	👩‍❤️‍💋‍👩	mixed
👩🏽‍❤️‍💋‍👩🏿	kiss: woman, woman, medium skin tone, dark skin tone		People & Body	👩‍❤️‍💋‍👩	mixed
👩🏾‍❤️‍💋‍👩🏻	kiss: woman, woman, medium-dark skin tone, light skin tone		People & Body	👩‍❤️‍💋‍👩	mixed
👩🏾‍❤️‍💋‍👩🏼	kiss: woman, woman, medium-dark skin tone, medium-light skin tone		People & Body	👩‍❤️‍💋‍👩	mixed
👩🏾‍❤️‍💋‍👩🏽	kiss: woman, woman, medium-dark skin tone, medium skin tone		People & Body	👩‍❤️‍💋‍👩	mixed
👩🏾‍❤️‍💋‍👩🏿	kiss: woman, woman, medium-dark skin tone, dark skin tone		People & Body	👩‍❤️‍💋‍👩	mixed
👩🏿‍❤️‍💋‍👩🏻	kiss: woman, woman, dark skin tone, light skin tone		People & Body	👩‍❤️‍💋‍👩	mixed
👩🏿‍❤️‍💋‍👩🏼	kiss: woman, woman, dark skin tone, medium-light skin tone		People & Body	👩‍❤️‍💋‍👩	mixed
👩🏿‍❤️‍💋‍👩🏽	kiss: woman, woman, dark skin tone, medium skin tone		People & Body	👩‍❤️‍💋‍👩	mixed
👩🏿‍❤️‍💋‍👩🏾	kiss: woman, woman, dark skin tone, medium-dark skin tone		People & Body	👩‍❤️‍💋‍👩	mixed
💑	couple with heart	couple_with_heart	People & Body	💑	default
💑🏻	couple with heart: light skin tone		People & Body	💑	light
💑🏼	couple with heart: medium-light skin tone		People & Body	💑	medium-light
💑🏽	couple with heart: medium skin tone		People & Body	💑	medium
💑🏾	couple with heart: medium-dark skin tone		People & Body	💑	medium-dark
💑🏿	couple with heart: dark skin tone		People & Body	💑	dark
🧑🏻‍❤️‍🧑🏼	couple with heart: person, person, light skin tone, medium-light skin tone		People & Body	💑	mixed
🧑🏻‍❤️‍🧑🏽	couple with heart: person, person, light skin tone, medium skin tone		People & Body	💑	mixed
🧑🏻‍❤️‍🧑🏾	couple with heart: person, person, light skin tone, medium-dark skin tone		People & Body	💑	mixed
🧑🏻‍❤️‍🧑🏿	couple with heart: person, person, light skin tone, dark skin tone		People & Body	💑	mixed
🧑🏼‍❤️‍🧑🏻	couple with heart: person, person, medium-light skin tone, light skin tone		People & Body	💑	mixed
🧑🏼‍❤️‍🧑🏽	couple with heart: person, person, medium-light skin tone, medium skin tone		People & Body	💑	mixed
🧑🏼‍❤️‍🧑🏾	couple with heart: person, person, medium-light skin tone, medium-dark skin tone		People & Body	💑	mixed
🧑🏼‍❤️‍🧑🏿	couple with heart: person, person, medium-light skin tone, dark skin tone		People & Body	💑	mixed
🧑🏽‍❤️‍🧑🏻	couple with heart: person, person, medium skin tone, light skin tone		People & Body	💑	mixed
🧑🏽‍❤️‍🧑🏼	couple with heart: person, person, medium skin tone, medium-light skin tone		People & Body	💑	mixed
🧑🏽‍❤️‍🧑🏾	couple with heart: person, person, medium skin tone, medium-dark skin tone		People & Body	💑	mixed
🧑🏽‍❤️‍🧑🏿	couple with heart: person, person, medium skin tone, dark skin tone		People & Body	💑	mixed
🧑🏾‍❤️‍🧑🏻	couple with heart: person, person, medium-dark skin tone, light skin tone		People & Body	💑	mixed
🧑🏾‍❤️‍🧑🏼	couple with heart: person, person, medium-dark skin tone, medium-light skin tone		People & Body	💑	mixed
🧑🏾‍❤️‍🧑🏽	couple with heart: person, person, medium-dark skin tone, medium skin tone		People & Body	💑	mixed
🧑🏾‍❤️‍🧑🏿	couple with heart: person, person, medium-dark skin tone, dark skin tone		People & Body	💑	mixed
🧑🏿‍❤️‍🧑🏻	couple with heart: person, person, dark skin tone, light skin tone		People & Body	💑	mixed
🧑🏿‍❤️‍🧑🏼	couple with heart: person, person, dark skin tone, medium-light skin tone		People & Body	💑	mixed
🧑🏿‍❤️‍🧑🏽	couple with heart: person, person, dark skin tone, medium skin tone		People & Body	💑	mixed
🧑🏿‍❤️‍🧑🏾	couple with heart: person, person, dark skin tone, medium-dark skin tone		People & Body	💑	mixed
👩‍❤️‍👨	couple with heart: woman, man	couple_with_heart_woman_man	People & Body	👩‍❤️‍👨	default
👩🏻‍❤️‍👨🏻	couple with heart: woman, man, light skin tone		People & Body	👩‍❤️‍👨	light
👩🏼‍❤️‍👨🏼	couple with heart: woman, man, medium-light skin tone		People & Body	👩‍❤️‍👨	medium-light
👩🏽‍❤️‍👨🏽	couple with heart: woman, man, medium skin tone		People & Body	👩‍❤️‍👨	medium
👩🏾‍❤️‍👨🏾	couple with heart: woman, man, medium-dark skin tone		People & Body	👩‍❤️‍👨	medium-dark
👩🏿‍❤️‍👨🏿	couple with heart: woman, man, dark skin tone		People & Body	👩‍❤️‍👨	dark
👩🏻‍❤️‍👨🏼	couple with heart: woman, man, light skin tone, medium-light skin tone		People & Body	👩‍❤️‍👨	mixed
👩🏻‍❤️‍👨🏽	couple with heart: woman, man, light skin tone, medium skin tone		People & Body	👩‍❤️‍👨	mixed
👩🏻‍❤️‍👨🏾	couple with heart: woman, man, light skin tone, medium-dark skin tone		People & Body	👩‍❤️‍👨	mixed
👩🏻‍❤️‍👨🏿	couple with heart: woman, man, light skin tone, dark skin tone		People & Body	👩‍❤️‍👨	mixed
👩🏼‍❤️‍👨🏻	couple with heart: woman, man, medium-light skin tone, light skin tone		People & Body	👩‍❤️‍👨	mixed
👩🏼‍❤️‍👨🏽	couple with heart: woman, man, medium-light skin tone, medium skin tone		People & Body	👩‍❤️‍👨	mixed
👩🏼‍❤️‍👨🏾	couple with heart: woman, man, medium-light skin tone, medium-dark skin tone		People & Body	👩‍❤️‍👨	mixed
👩🏼‍❤️‍👨🏿	couple with heart: woman, man, medium-light skin tone, dark skin tone		People & Body	👩‍❤️‍👨	mixed
👩🏽‍❤️‍👨🏻	couple with heart: woman, man, medium skin tone, light skin tone		People & Body	👩‍❤️‍👨	mixed
👩🏽‍❤️‍👨🏼	couple with heart: woman, man, medium skin tone, medium-light skin tone		People & Body	👩‍❤️‍👨	mixed
👩🏽‍❤️‍👨🏾	couple with heart: woman, man, medium skin tone, medium-dark skin tone		People & Body	👩‍❤️‍👨	mixed
👩🏽‍❤️‍👨🏿	couple with heart: woman, man, medium skin tone, dark skin tone		People & Body	👩‍❤️‍👨	mixed
👩🏾‍❤️‍👨🏻	couple with heart: woman, man, medium-dark skin tone, light skin tone		People & Body	👩‍❤️‍👨	mixed
👩🏾‍❤️‍👨🏼	couple with heart: woman, man, medium-dark skin tone, medium-light skin tone		People & Body	👩‍❤️‍👨	mixed
👩🏾‍❤️‍👨🏽	couple with heart: woman, man, medium-dark skin tone, medium skin tone		People & Body	👩‍❤️‍👨	mixed
👩🏾‍❤️‍👨🏿	couple with heart: woman, man, medium-dark skin tone, dark skin tone		People & Body	👩‍❤️‍👨	mixed
👩🏿‍❤️‍👨🏻	couple with heart: woman, man, dark skin tone, light skin tone		People & Body	👩‍❤️‍👨	mixed
👩🏿‍❤️‍👨🏼	couple with heart: woman, man, dark skin tone, medium-light skin tone		People & Body	👩‍❤️‍👨	mixed
👩🏿‍❤️‍👨🏽	couple with heart: woman, man, dark skin tone, medium skin tone		People & Body	👩‍❤️‍👨	mixed
👩🏿‍❤️‍👨🏾	couple with heart: woman, man, dark skin tone, medium-dark skin tone		People & Body	👩‍❤️‍👨	mixed
👨‍❤️‍👨	couple with heart: man, man	couple_with_heart_man_man	People & Body	👨‍❤️‍👨	default
👨🏻‍❤️‍👨🏻	couple with heart: man, man, light skin tone		People & Body	👨‍❤️‍👨	light
👨🏼‍❤️‍👨🏼	couple with heart: man, man, medium-light skin tone		People & Body	👨‍❤️‍👨	medium-light
👨🏽‍❤️‍👨🏽	couple with heart: man, man, medium skin tone		People & Body	👨‍❤️‍👨	medium
👨🏾‍❤️‍👨🏾	couple with heart: man, man, medium-dark skin tone		People & Body	👨‍❤️‍👨	medium-dark
👨🏿‍❤️‍👨🏿	couple with heart: man, man, dark skin tone		People & Body	👨‍❤️‍👨	dark
👨🏻‍❤️‍👨🏼	couple with heart: man, man, light skin tone, medium-light skin tone		People & Body	👨‍❤️‍👨	mixed
👨🏻‍❤️‍👨🏽	couple with heart: man, man, light skin tone, medium skin tone		People & Body	👨‍❤️‍👨	mixed
👨🏻‍❤️‍👨🏾	couple with heart: man, man, light skin tone, medium-dark skin tone		People & Body	👨‍❤️‍👨	mixed
👨🏻‍❤️‍👨🏿	couple with heart: man, man, light skin tone, dark skin tone		People & Body	👨‍❤️‍👨	mixed
👨🏼‍❤️‍👨🏻	couple with heart: man, man, medium-light skin tone, light skin tone		People & Body	👨‍❤️‍👨	mixed
👨🏼‍❤️‍👨🏽	couple with heart: man, man, medium-light skin tone, medium skin tone		People & Body	👨‍❤️‍👨	mixed
👨🏼‍❤️‍👨🏾	couple with heart: man, man, medium-light skin tone, medium-dark skin tone		People & Body	👨‍❤️‍👨	mixed
👨🏼‍❤️‍👨🏿	couple with heart: man, man, medium-light skin tone, dark skin tone		People & Body	👨‍❤️‍👨	mixed
👨🏽‍❤️‍👨🏻	couple with heart: man, man, medium skin tone, light skin tone		People & Body	👨‍❤️‍👨	mixed
👨🏽‍❤️‍👨🏼	couple with heart: man, man, medium skin tone, medium-light skin tone		People & Body	👨‍❤️‍👨	mixed
👨🏽‍❤️‍👨🏾	couple with heart: man, man, medium skin tone, medium-dark skin tone		People & Body	👨‍❤️‍👨	mixed
👨🏽‍❤️‍👨🏿	couple with heart: man, man, medium skin tone, dark skin tone		People & Body	👨‍❤️‍👨	mixed
👨🏾‍❤️‍👨🏻	couple with heart: man, man, medium-dark skin tone, light skin tone		People & Body	👨‍❤️‍👨	mixed
👨🏾‍❤️‍👨🏼	couple with heart: man, man, medium-dark skin tone, medium-light skin tone		People & Body	👨‍❤️‍👨	mixed
👨🏾‍❤️‍👨🏽	couple with heart: man, man, medium-dark skin tone, medium skin tone		People & Body	👨‍❤️‍👨	mixed
👨🏾‍❤️‍👨🏿	couple with heart: man, man, medium-dark skin tone, dark skin tone		People & Body	👨‍❤️‍👨	mixed
👨🏿‍❤️‍👨🏻	couple with heart: man, man, dark skin tone, light skin tone		People & Body	👨‍❤️‍👨	mixed
👨🏿‍❤️‍👨🏼	couple with heart: man, man, dark skin tone, medium-light skin tone		People & Body	👨‍❤️‍👨	mixed
👨🏿‍❤️‍👨🏽	couple with heart: man, man, dark skin tone, medium skin tone		People & Body	👨‍❤️‍👨	mixed
👨🏿‍❤️‍👨🏾	couple with heart: man, man, dark skin tone, medium-dark skin tone		People & Body	👨‍❤️‍👨	mixed
👩‍❤️‍👩	couple with heart: woman, woman	couple_with_heart_woman_woman	People & Body	👩‍❤️‍👩	default
👩🏻‍❤️‍👩🏻	couple with heart: woman, woman, light skin tone		People & Body	👩‍❤️‍👩	light
👩🏼‍❤️‍👩🏼	couple with heart: woman, woman, medium-light skin tone		People & Body	👩‍❤️‍👩	medium-light
👩🏽‍❤️‍👩🏽	couple with heart: woman, woman, medium skin tone		People & Body	👩‍❤️‍👩	medium
👩🏾‍❤️‍👩🏾	couple with heart: woman, woman, medium-dark skin tone		People & Body	👩‍❤️‍👩	medium-dark
👩🏿‍❤️‍👩🏿	couple with heart: woman, woman, dark skin tone		People & Body	👩‍❤️‍👩	dark
👩🏻‍❤️‍👩🏼	couple with heart: woman, woman, light skin tone, medium-light skin tone		People & Body	👩‍❤️‍👩	mixed
👩🏻‍❤️‍👩🏽	couple with heart: woman, woman, light skin tone, medium skin tone		People & Body	👩‍❤️‍👩	mixed
👩🏻‍❤️‍👩🏾	couple with heart: woman, woman, light skin tone, medium-dark skin tone		People & Body	👩‍❤️‍👩	mixed
👩🏻‍❤️‍👩🏿	couple with heart: woman, woman, light skin tone, dark skin tone		People & Body	👩‍❤️‍👩	mixed
👩🏼‍❤️‍👩🏻	couple with heart: woman, woman, medium-light skin tone, light skin tone		People & Body	👩‍❤️‍👩	mixed
👩🏼‍❤️‍👩🏽	couple with heart: woman, woman, medium-light skin tone, medium skin tone		People & Body	👩‍❤️‍👩	mixed
👩🏼‍❤️‍👩🏾	couple with heart: woman, woman, medium-light skin tone, medium-dark skin tone		People & Body	👩‍❤️‍👩	mixed
👩🏼‍❤️‍👩🏿	couple with heart: woman, woman, medium-light skin tone, dark skin tone		People & Body	👩‍❤️‍👩	mixed
👩🏽‍❤️‍👩🏻	couple with heart: woman, woman, medium skin tone, light skin tone		People & Body	👩‍❤️‍👩	mixed
👩🏽‍❤️‍👩🏼	couple with heart: woman, woman, medium skin tone, medium-light skin tone		People & Body	👩‍❤️‍👩	mixed
👩🏽‍❤️‍👩🏾	couple with heart: woman, woman, medium skin tone, medium-dark skin tone		People & Body	👩‍❤️‍👩	mixed
👩🏽‍❤️‍👩🏿	couple with heart: woman, woman, medium skin tone, dark skin tone		People & Body	👩‍❤️‍👩	mixed
👩🏾‍❤️‍👩🏻	couple with heart: woman, woman, medium-dark skin tone, light skin tone		People & Body	👩‍❤️‍👩	mixed
👩🏾‍❤️‍👩🏼	couple with heart: woman, woman, medium-dark skin tone, medium-light skin tone		People & Body	👩‍❤️‍👩	mixed
👩🏾‍❤️‍👩🏽	couple with heart: woman, woman, medium-dark skin tone, medium skin tone		People & Body	👩‍❤️‍👩	mixed
👩🏾‍❤️‍👩🏿	couple with heart: woman, woman, medium-dark skin tone, dark skin tone		People & Body	👩‍❤️‍👩	mixed
👩🏿‍❤️‍👩🏻	couple with heart: woman, woman, dark skin tone, light skin tone		People & Body	👩‍❤️‍👩	mixed
👩🏿‍❤️‍👩🏼	couple with heart: woman, woman, dark skin tone, medium-light skin tone		People & Body	👩‍❤️‍👩	mixed
👩🏿‍❤️‍👩🏽	couple with heart: woman, woman, dark skin tone, medium skin tone		People & Body	👩‍❤️‍👩	mixed
👩🏿‍❤️‍👩🏾	couple with heart: woman, woman, dark skin tone, medium-dark skin tone		People & Body	👩‍❤️‍👩	mixed
👨‍👩‍👦	family: man, woman, boy	family_man_woman_boy	People & Body	👨‍👩‍👦	none
👨‍👩‍👧	family: man, woman, girl	family_man_woman_girl	People & Body	👨‍👩‍👧	none
👨‍👩‍👧‍👦	family: man, woman, girl, boy	family_man_woman_girl_boy	People & Body	👨‍👩‍👧‍👦	none
👨‍👩‍👦‍👦	family: man, woman, boy, boy	family_man_woman_boy_boy	People & Body	👨‍👩‍👦‍👦	none
👨‍👩‍👧‍👧	family: man, woman, girl, girl	family_man_woman_girl_girl	People & Body	👨‍👩‍👧‍👧	none
👨‍👨‍👦	family: man, man, boy	family_man_man_boy	People & Body	👨‍👨‍👦	none
👨‍👨‍👧	family: man, man, girl	family_man_man_girl	People & Body	👨‍👨‍👧	none
👨‍👨‍👧‍👦	family: man, man, girl, boy	family_man_man_girl_boy	People & Body	👨‍👨‍👧‍👦	none
👨‍👨‍👦‍👦	family: man, man, boy, boy	family_man_man_boy_boy	People & Body	👨‍👨‍👦‍👦	none
👨‍👨‍👧‍👧	family: man, man, girl, girl	family_man_man_girl_girl	People & Body	👨‍👨‍👧‍👧	none
👩‍👩‍👦	family: woman, woman, boy	family_woman_woman_boy	People & Body	👩‍👩‍👦	none
👩‍👩‍👧	family: woman, woman, girl	family_woman_woman_girl	People & Body	👩‍👩‍👧	none
👩‍👩‍👧‍👦	family: woman, woman, girl, boy	family_woman_woman_girl_boy	People & Body	👩‍👩‍👧‍👦	none
👩‍👩‍👦‍👦	family: woman, woman, boy, boy	family_woman_woman_boy_boy	People & Body	👩‍👩‍👦‍👦	none
👩‍👩‍👧‍👧	family: woman, woman, girl, girl	family_woman_woman_girl_girl	People & Body	👩‍👩‍👧‍👧	none
👨‍👦	family: man, boy	family_man_boy	People & Body	👨‍👦	none
👨‍👦‍👦	family: man, boy, boy	family_man_boy_boy	People & Body	👨‍👦‍👦	none
👨‍👧	family: man, girl	family_man_girl	People & Body	👨‍👧	none
👨‍👧‍👦	family: man, girl, boy	family_man_girl_boy	People & Body	👨‍👧‍👦	none
👨‍👧‍👧	family: man, girl, girl	family_man_girl_girl	People & Body	👨‍👧‍👧	none
👩‍👦	family: woman, boy	family_woman_boy	People & Body	👩‍👦	none
👩‍👦‍👦	family: woman, boy, boy	family_woman_boy_boy	People & Body	👩‍👦‍👦	none
👩‍👧	family: woman, girl	family_woman_girl	People & Body	👩‍👧	none
👩‍👧‍👦	family: woman, girl, boy	family_woman_girl_boy	People & Body	👩‍👧‍👦	none
👩‍👧‍👧	family: woman, girl, girl	family_woman_girl_girl	People & Body	👩‍👧‍👧	none
🗣️	speaking head	speaking_head	People & Body	🗣️	none
👤	bust in silhouette	bust_in_silhouette	People & Body	👤	none
👥	busts in silhouette	busts_in_silhouette	People & Body	👥	none
🫂	people hugging	people_hugging	People & Body	🫂	none
👪	family	family	People & Body	👪	none
🧑‍🧑‍🧒	family: adult, adult, child		People & Body	🧑‍🧑‍🧒	none
🧑‍🧑‍🧒‍🧒	family: adult, adult, child, child		People & Body	🧑‍🧑‍🧒‍🧒	none
🧑‍🧒	family: adult, child		People & Body	🧑‍🧒	none
🧑‍🧒‍🧒	family: adult, child, child		People & Body	🧑‍🧒‍🧒	none
👣	footprints	footprints	People & Body	👣	none
🫆	fingerprint		People & Body	🫆	none
🐵	monkey face	monkey_face	Animals & Nature	🐵	none
🐒	monkey	monkey	Animals & Nature	🐒	none
🦍	gorilla	gorilla	Animals & Nature	🦍	none
🦧	orangutan	orangutan	Animals & Nature	🦧	none
🐶	dog face	dog	Animals & Nature	🐶	none
🐕	dog	dog2	Animals & Nature	🐕	none
🦮	guide dog	guide_dog	Animals & Nature	🦮	none
🐕‍🦺	service dog	service_dog	Animals & Nature	🐕‍🦺	none
🐩	poodle	poodle	Animals & Nature	🐩	none
🐺	wolf	wolf	Animals & Nature	🐺	none
🦊	fox	fox_face	Animals & Nature	🦊	none
🦝	raccoon	raccoon	Animals & Nature	🦝	none
🐱	cat face	cat	Animals & Nature	🐱	none
🐈	cat	cat2	Animals & Nature	🐈	none
🐈‍⬛	black cat	black_cat	Animals & Nature	🐈‍⬛	none
🦁	lion	lion	Animals & Nature	🦁	none
🐯	tiger face	tiger	Animals & Nature	🐯	none
🐅	tiger	tiger2	Animals & Nature	🐅	none
🐆	leopard	leopard	Animals & Nature	🐆	none
🐴	horse face	horse	Animals & Nature	🐴	none
🫎	moose	moose	Animals & Nature	🫎	none
🫏	donkey	donkey	Animals & Nature	🫏	none
🐎	horse	racehorse	Animals & Nature	🐎	none
🦄	unicorn	unicorn	Animals & Nature	🦄	none
🦓	zebra	zebra	Animals & Nature	🦓	none
🦌	deer	deer	Animals & Nature	🦌	none
🦬	bison	bison	Animals & Nature	🦬	none
🐮	cow face	cow	Animals & Nature	🐮	none
🐂	ox	ox	Animals & Nature	🐂	none
🐃	water buffalo	water_buffalo	Animals & Nature	🐃	none
🐄	cow	cow2	Animals & Nature	🐄	none
🐷	pig face	pig	Animals & Nature	🐷	none
🐖	pig	pig2	Animals & Nature	🐖	none
🐗	boar	boar	Animals & Nature	🐗	none
🐽	pig nose	pig_nose	Animals & Nature	🐽	none
🐏	ram	ram	Animals & Nature	🐏	none
🐑	ewe	sheep	Animals & Nature	🐑	none
🐐	goat	goat	Animals & Nature	🐐	none
🐪	camel	dromedary_camel	Animals & Nature	🐪	none
🐫	two-hump camel	camel	Animals & Nature	🐫	none
🦙	llama	llama	Animals & Nature	🦙	none
🦒	giraffe	giraffe	Animals & Nature	🦒	none
🐘	elephant	elephant	Animals & Nature	🐘	none
🦣	mammoth	mammoth	Animals & Nature	🦣	none
🦏	rhinoceros	rhinoceros	Animals & Nature	🦏	none
🦛	hippopotamus	hippopotamus	Animals & Nature	🦛	none
🐭	mouse face	mouse	Animals & Nature	🐭	none
🐁	mouse	mouse2	Animals & Nature	🐁	none
🐀	rat	rat	Animals & Nature	🐀	none
🐹	hamster	hamster	Animals & Nature	🐹	none
🐰	rabbit face	rabbit	Animals & Nature	🐰	none
🐇	rabbit	rabbit2	Animals & Nature	🐇	none
🐿️	chipmunk	chipmunk	Animals & Nature	🐿️	none
🦫	beaver	beaver	Animals & Nature	🦫	none
🦔	hedgehog	hedgehog	Animals & Nature	🦔	none
🦇	bat	bat	Animals & Nature	🦇	none
🐻	bear	bear	Animals & Nature	🐻	none
🐻‍❄️	polar bear	polar_bear	Animals & Nature	🐻‍❄️	none
🐨	koala	koala	Animals & Nature	🐨	none
🐼	panda	panda_face	Animals & Nature	🐼	none
🦥	sloth	sloth	Animals & Nature	🦥	none
🦦	otter	otter	Animals & Nature	🦦	none
🦨	skunk	skunk	Animals & Nature	🦨	none
🦘	kangaroo	kangaroo	Animals & Nature	🦘	none
🦡	badger	badger	Animals & Nature	🦡	none
🐾	paw prints	feet paw_prints	Animals & Nature	🐾	none
🦃	turkey	turkey	Animals & Nature	🦃	none
🐔	chicken	chicken	Animals & Nature	🐔	none
🐓	rooster	rooster	Animals & Nature	🐓	none
🐣	hatching chick	hatching_chick	Animals & Nature	🐣	none
🐤	baby chick	baby_chick	Animals & Nature	🐤	none
🐥	front-facing baby chick	hatched_chick	Animals & Nature	🐥	none
🐦	bird	bird	Animals & Nature	🐦	none
🐧	penguin	penguin	Animals & Nature	🐧	none
🕊️	dove	dove	Animals & Nature	🕊️	none
🦅	eagle	eagle	Animals & Nature	🦅	none
🦆	duck	duck	Animals & Nature	🦆	none
🦢	swan	swan	Animals & Nature	🦢	none
🦉	owl	owl	Animals & Nature	🦉	none
🦤	dodo	dodo	Animals & Nature	🦤	none
🪶	feather	feather	Animals & Nature	🪶	none
🦩	flamingo	flamingo	Animals & Nature	🦩	none
🦚	peacock	peacock	Animals & Nature	🦚	none
🦜	parrot	parrot	Animals & Nature	🦜	none
🪽	wing	wing	Animals & Nature	🪽	none
🐦‍⬛	black bird	black_bird	Animals & Nature	🐦‍⬛	none
🪿	goose	goose	Animals & Nature	🪿	none
🐦‍🔥	phoenix		Animals & Nature	🐦‍🔥	none
🐸	frog	frog	Animals & Nature	🐸	none
🐊	crocodile	crocodile	Animals & Nature	🐊	none
🐢	turtle	turtle	Animals & Nature	🐢	none
🦎	lizard	lizard	Animals & Nature	🦎	none
🐍	snake	snake	Animals & Nature	🐍	none
🐲	dragon face	dragon_face	Animals & Nature	🐲	none
🐉	dragon	dragon	Animals & Nature	🐉	none
🦕	sauropod	sauropod	Animals & Nature	🦕	none
🦖	T-Rex	t-rex	Animals & Nature	🦖	none
🐳	spouting whale	whale	Animals & Nature	🐳	none
🐋	whale	whale2	Animals & Nature	🐋	none
🐬	dolphin	dolphin flipper	Animals & Nature	🐬	none
🫍	orca		Animals & Nature	🫍	none
🦭	seal	seal	Animals & Nature	🦭	none
🐟	fish	fish	Animals & Nature	🐟	none
🐠	tropical fish	tropical_fish	Animals & Nature	🐠	none
🐡	blowfish	blowfish	Animals & Nature	🐡	none
🦈	shark	shark	Animals & Nature	🦈	none
🐙	octopus	octopus	Animals & Nature	🐙	none
🐚	spiral shell	shell	Animals & Nature	🐚	none
🪸	coral	coral	Animals & Nature	🪸	none
🪼	jellyfish	jellyfish	Animals & Nature	🪼	none
🦀	crab	crab	Animals & Nature	🦀	none
🦞	lobster	lobster	Animals & Nature	🦞	none
🦐	shrimp	shrimp	Animals & Nature	🦐	none
🦑	squid	squid	Animals & Nature	🦑	none
🦪	oyster	oyster	Animals & Nature	🦪	none
🐌	snail	snail	Animals & Nature	🐌	none
🦋	butterfly	butterfly	Animals & Nature	🦋	none
🐛	bug	bug	Animals & Nature	🐛	none
🐜	ant	ant	Animals & Nature	🐜	none
🐝	honeybee	bee honeybee	Animals & Nature	🐝	none
🪲	beetle	beetle	Animals & Nature	🪲	none
🐞	lady beetle	lady_beetle	Animals & Nature	🐞	none
🦗	cricket	cricket	Animals & Nature	🦗	none
🪳	cockroach	cockroach	Animals & Nature	🪳	none
🕷️	spider	spider	Animals & Nature	🕷️	none
🕸️	spider web	spider_web	Animals & Nature	🕸️	none
🦂	scorpion	scorpion	Animals & Nature	🦂	none
🦟	mosquito	mosquito	Animals & Nature	🦟	none
🪰	fly	fly	Animals & Nature	🪰	none
🪱	worm	worm	Animals & Nature	🪱	none
🦠	microbe	microbe	Animals & Nature	🦠	none
💐	bouquet	bouquet	Animals & Nature	💐	none
🌸	cherry blossom	cherry_blossom	Animals & Nature	🌸	none
💮	white flower	white_flower	Animals & Nature	💮	none
🪷	lotus	lotus	Animals & Nature	🪷	none
🏵️	rosette	rosette	Animals & Nature	🏵️	none
🌹	rose	rose	Animals & Nature	🌹	none
🥀	wilted flower	wilted_flower	Animals & Nature	🥀	none
🌺	hibiscus	hibiscus	Animals & Nature	🌺	none
🌻	sunflower	sunflower	Animals & Nature	🌻	none
🌼	blossom	blossom	Animals & Nature	🌼	none
🌷	tulip	tulip	Animals & Nature	🌷	none
🪻	hyacinth	hyacinth	Animals & Nature	🪻	none
🌱	seedling	seedling	Animals & Nature	🌱	none
🪴	potted plant	potted_plant	Animals & Nature	🪴	none
🌲	evergreen tree	evergreen_tree	Animals & Nature	🌲	none
🌳	deciduous tree	deciduous_tree	Animals & Nature	🌳	none
🌴	palm tree	palm_tree	Animals & Nature	🌴	none
🌵	cactus	cactus	Animals & Nature	🌵	none
🌾	sheaf of rice	ear_of_rice	Animals & Nature	🌾	none
🌿	herb	herb	Animals & Nature	🌿	none
☘️	shamrock	shamrock	Animals & Nature	☘️	none
🍀	four leaf clover	four_leaf_clover	Animals & Nature	🍀	none
🍁	maple leaf	maple_leaf	Animals & Nature	🍁	none
🍂	fallen leaf	fallen_leaf	Animals & Nature	🍂	none
🍃	leaf fluttering in wind	leaves	Animals & Nature	🍃	none
🪹	empty nest	empty_nest	Animals & Nature	🪹	none
🪺	nest with eggs	nest_with_eggs	Animals & Nature	🪺	none
🍄	mushroom	mushroom	Animals & Nature	🍄	none
🪾	leafless tree		Animals & Nature	🪾	none
🍇	grapes	grapes	Food & Drink	🍇	none
🍈	melon	melon	Food & Drink	🍈	none
🍉	watermelon	watermelon	Food & Drink	🍉	none
🍊	tangerine	tangerine orange mandarin	Food & Drink	🍊	none
🍋	lemon	lemon	Food & Drink	🍋	none
🍋‍🟩	lime		Food & Drink	🍋‍🟩	none
🍌	banana	banana	Food & Drink	🍌	none
🍍	pineapple	pineapple	Food & Drink	🍍	none
🥭	mango	mango	Food & Drink	🥭	none
🍎	red apple	apple	Food & Drink	🍎	none
🍏	green apple	green_apple	Food & Drink	🍏	none
🍐	pear	pear	Food & Drink	🍐	none
🍑	peach	peach	Food & Drink	🍑	none
🍒	cherries	cherries	Food & Drink	🍒	none
🍓	strawberry	strawberry	Food & Drink	🍓	none
🫐	blueberries	blueberries	Food & Drink	🫐	none
🥝	kiwi fruit	kiwi_fruit	Food & Drink	🥝	none
🍅	tomato	tomato	Food & Drink	🍅	none
🫒	olive	olive	Food & Drink	🫒	none
🥥	coconut	coconut	Food & Drink	🥥	none
🥑	avocado	avocado	Food & Drink	🥑	none
🍆	eggplant	eggplant	Food & Drink	🍆	none
🥔	potato	potato	Food & Drink	🥔	none
🥕	carrot	carrot	Food & Drink	🥕	none
🌽	ear of corn	corn	Food & Drink	🌽	none
🌶️	hot pepper	hot_pepper	Food & Drink	🌶️	none
🫑	bell pepper	bell_pepper	Food & Drink	🫑	none
🥒	cucumber	cucumber	Food & Drink	🥒	none
🥬	leafy green	leafy_green	Food & Drink	🥬	none
🥦	broccoli	broccoli	Food & Drink	🥦	none
🧄	garlic	garlic	Food & Drink	🧄	none
🧅	onion	onion	Food & Drink	🧅	none
🥜	peanuts	peanuts	Food & Drink	🥜	none
🫘	beans	beans	Food & Drink	🫘	none
🌰	chestnut	chestnut	Food & Drink	🌰	none
🫚	ginger root	ginger_root	Food & Drink	🫚	none
🫛	pea pod	pea_pod	Food & Drink	🫛	none
🍄‍🟫	brown mushroom		Food & Drink	🍄‍🟫	none
🫜	root vegetable		Food & Drink	🫜	none
🍞	bread	bread	Food & Drink	🍞	none
🥐	croissant	croissant	Food & Drink	🥐	none
🥖	baguette bread	baguette_bread	Food & Drink	🥖	none
🫓	flatbread	flatbread	Food & Drink	🫓	none
🥨	pretzel	pretzel	Food & Drink	🥨	none
🥯	bagel	bagel	Food & Drink	🥯	none
🥞	pancakes	pancakes	Food & Drink	🥞	none
🧇	waffle	waffle	Food & Drink	🧇	none
🧀	cheese wedge	cheese	Food & Drink	🧀	none
🍖	meat on bone	meat_on_bone	Food & Drink	🍖	none
🍗	poultry leg	poultry_leg	Food & Drink	🍗	none
🥩	cut of meat	cut_of_meat	Food & Drink	🥩	none
🥓	bacon	bacon	Food & Drink	🥓	none
🍔	hamburger	hamburger	Food & Drink	🍔	none
🍟	french fries	fries	Food & Drink	🍟	none
🍕	pizza	pizza	Food & Drink	🍕	none
🌭	hot dog	hotdog	Food & Drink	🌭	none
🥪	sandwich	sandwich	Food & Drink	🥪	none
🌮	taco	taco	Food & Drink	🌮	none
🌯	burrito	burrito	Food & Drink	🌯	none
🫔	tamale	tamale	Food & Drink	🫔	none
🥙	stuffed flatbread	stuffed_flatbread	Food & Drink	🥙	none
🧆	falafel	falafel	Food & Drink	🧆	none
🥚	egg	egg	Food & Drink	🥚	none
🍳	cooking	fried_egg	Food & Drink	🍳	none
🥘	shallow pan of food	shallow_pan_of_food	Food & Drink	🥘	none
🍲	pot of food	stew	Food & Drink	🍲	none
🫕	fondue	fondue	Food & Drink	🫕	none
🥣	bowl with spoon	bowl_with_spoon	Food & Drink	🥣	none
🥗	green salad	green_salad	Food & Drink	🥗	none
🍿	popcorn	popcorn	Food & Drink	🍿	none
🧈	butter	butter	Food & Drink	🧈	none
🧂	salt	salt	Food & Drink	🧂	none
🥫	canned food	canned_food	Food & Drink	🥫	none
🍱	bento box	bento	Food & Drink	🍱	none
🍘	rice cracker	rice_cracker	Food & Drink	🍘	none
🍙	rice ball	rice_ball	Food & Drink	🍙	none
🍚	cooked rice	rice	Food & Drink	🍚	none
🍛	curry rice	curry	Food & Drink	🍛	none
🍜	steaming bowl	ramen	Food & Drink	🍜	none
🍝	spaghetti	spaghetti	Food & Drink	🍝	none
🍠	roasted sweet potato	sweet_potato	Food & Drink	🍠	none
🍢	oden	oden	Food & Drink	🍢	none
🍣	sushi	sushi	Food & Drink	🍣	none
🍤	fried shrimp	fried_shrimp	Food & Drink	🍤	none
🍥	fish cake with swirl	fish_cake	Food & Drink	🍥	none
🥮	moon cake	moon_cake	Food & Drink	🥮	none
🍡	dango	dango	Food & Drink	🍡	none
🥟	dumpling	dumpling	Food & Drink	🥟	none
🥠	fortune cookie	fortune_cookie	Food & Drink	🥠	none
🥡	takeout box	takeout_box	Food & Drink	🥡	none
🍦	soft ice cream	icecream	Food & Drink	🍦	none
🍧	shaved ice	shaved_ice	Food & Drink	🍧	none
🍨	ice cream	ice_cream	Food & Drink	🍨	none
🍩	doughnut	doughnut	Food & Drink	🍩	none
🍪	cookie	cookie	Food & Drink	🍪	none
🎂	birthday cake	birthday	Food & Drink	🎂	none
🍰	shortcake	cake	Food & Drink	🍰	none
🧁	cupcake	cupcake	Food & Drink	🧁	none
🥧	pie	pie	Food & Drink	🥧	none
🍫	chocolate bar	chocolate_bar	Food & Drink	🍫	none
🍬	candy	candy	Food & Drink	🍬	none
🍭	lollipop	lollipop	Food & Drink	🍭	none
🍮	custard	custard	Food & Drink	🍮	none
🍯	honey pot	honey_pot	Food & Drink	🍯	none
🍼	baby bottle	baby_bottle	Food & Drink	🍼	none
🥛	glass of milk	milk_glass	Food & Drink	🥛	none
☕	hot beverage	coffee	Food & Drink	☕	none
🫖	teapot	teapot	Food & Drink	🫖	none
🍵	teacup without handle	tea	Food & Drink	🍵	none
🍶	sake	sake	Food & Drink	🍶	none
🍾	bottle with popping cork	champagne	Food & Drink	🍾	none
🍷	wine glass	wine_glass	Food & Drink	🍷	none
🍸	cocktail glass	cocktail	Food & Drink	🍸	none
🍹	tropical drink	tropical_drink	Food & Drink	🍹	none
🍺	beer mug	beer	Food & Drink	🍺	none
🍻	clinking beer mugs	beers	Food & Drink	🍻	none
🥂	clinking glasses	clinking_glasses	Food & Drink	🥂	none
🥃	tumbler glass	tumbler_glass	Food & Drink	🥃	none
🫗	pouring liquid	pouring_liquid	Food & Drink	🫗	none
🥤	cup with straw	cup_with_straw	Food & Drink	🥤	none
🧋	bubble tea	bubble_tea	Food & Drink	🧋	none
🧃	beverage box	beverage_box	Food & Drink	🧃	none
🧉	mate	mate	Food & Drink	🧉	none
🧊	ice	ice_cube	Food & Drink	🧊	none
🥢	chopsticks	chopsticks	Food & Drink	🥢	none
🍽️	fork and knife with plate	plate_with_cutlery	Food & Drink	🍽️	none
🍴	fork and knife	fork_and_knife	Food & Drink	🍴	none
🥄	spoon	spoon	Food & Drink	🥄	none
🔪	kitchen knife	hocho knife	Food & Drink	🔪	none
🫙	jar	jar	Food & Drink	🫙	none
🏺	amphora	amphora	Food & Drink	🏺	none
🌍	globe showing Europe-Africa	earth_africa	Travel & Places	🌍	none
🌎	globe showing Americas	earth_americas	Travel & Places	🌎	none
🌏	globe showing Asia-Australia	earth_asia	Travel & Places	🌏	none
🌐	globe with meridians	globe_with_meridians	Travel & Places	🌐	none
🗺️	world map	world_map	Travel & Places	🗺️	none
🗾	map of Japan	japan	Travel & Places	🗾	none
🧭	compass	compass	Travel & Places	🧭	none
🏔️	snow-capped mountain	mountain_snow	Travel & Places	🏔️	none
⛰️	mountain	mountain	Travel & Places	⛰️	none
🛘	landslide		Travel & Places	🛘	none
🌋	volcano	volcano	Travel & Places	🌋	none
🗻	mount fuji	mount_fuji	Travel & Places	🗻	none
🏕️	camping	camping	Travel & Places	🏕️	none
🏖️	beach with umbrella	beach_umbrella	Travel & Places	🏖️	none
🏜️	desert	desert	Travel & Places	🏜️	none
🏝️	desert island	desert_island	Travel & Places	🏝️	none
🏞️	national park	national_park	Travel & Places	🏞️	none
🏟️	stadium	stadium	Travel & Places	🏟️	none
🏛️	classical building	classical_building	Travel & Places	🏛️	none
🏗️	building construction	building_construction	Travel & Places	🏗️	none
🧱	brick	bricks	Travel & Places	🧱	none
🪨	rock	rock	Travel & Places	🪨	none
🪵	wood	wood	Travel & Places	🪵	none
🛖	hut	hut	Travel & Places	🛖	none
🏘️	houses	houses	Travel & Places	🏘️	none
🏚️	derelict house	derelict_house	Travel & Places	🏚️	none
🏠	house	house	Travel & Places	🏠	none
🏡	house with garden	house_with_garden	Travel & Places	🏡	none
🏢	office building	office	Travel & Places	🏢	none
🏣	Japanese post office	post_office	Travel & Places	🏣	none
🏤	post office	european_post_office	Travel & Places	🏤	none
🏥	hospital	hospital	Travel & Places	🏥	none
🏦	bank	bank	Travel & Places	🏦	none
🏨	hotel	hotel	Travel & Places	🏨	none
🏩	love hotel	love_hotel	Travel & Places	🏩	none
🏪	convenience store	convenience_store	Travel & Places	🏪	none
🏫	school	school	Travel & Places	🏫	none
🏬	department store	department_store	Travel & Places	🏬	none
🏭	factory	factory	Travel & Places	🏭	none
🏯	Japanese castle	japanese_castle	Travel & Places	🏯	none
🏰	castle	european_castle	Travel & Places	🏰	none
💒	wedding	wedding	Travel & Places	💒	none
🗼	Tokyo tower	tokyo_tower	Travel & Places	🗼	none
🗽	Statue of Liberty	statue_of_liberty	Travel & Places	🗽	none
⛪	church	church	Travel & Places	⛪	none
🕌	mosque	mosque	Travel & Places	🕌	none
🛕	hindu temple	hindu_temple	Travel & Places	🛕	none
🕍	synagogue	synagogue	Travel & Places	🕍	none
⛩️	shinto shrine	shinto_shrine	Travel & Places	⛩️	none
🕋	kaaba	kaaba	Travel & Places	🕋	none
⛲	fountain	fountain	Travel & Places	⛲	none
⛺	tent	tent	Travel & Places	⛺	none
🌁	foggy	foggy	Travel & Places	🌁	none
🌃	night with stars	night_with_stars	Travel & Places	🌃	none
🏙️	cityscape	cityscape	Travel & Places	🏙️	none
🌄	sunrise over mountains	sunrise_over_mountains	Travel & Places	🌄	none
🌅	sunrise	sunrise	Travel & Places	🌅	none
🌆	cityscape at dusk	city_sunset	Travel & Places	🌆	none
🌇	sunset	city_sunrise	Travel & Places	🌇	none
🌉	bridge at night	bridge_at_night	Travel & Places	🌉	none
♨️	hot springs	hotsprings	Travel & Places	♨️	none
🎠	carousel horse	carousel_horse	Travel & Places	🎠	none
🛝	playground slide	playground_slide	Travel & Places	🛝	none
🎡	ferris wheel	ferris_wheel	Travel & Places	🎡	none
🎢	roller coaster	roller_coaster	Travel & Places	🎢	none
💈	barber pole	barber	Travel & Places	💈	none
🎪	circus tent	circus_tent	Travel & Places	🎪	none
🚂	locomotive	steam_locomotive	Travel & Places	🚂	none
🚃	railway car	railway_car	Travel & Places	🚃	none
🚄	high-speed train	bullettrain_side	Travel & Places	🚄	none
🚅	bullet train	bullettrain_front	Travel & Places	🚅	none
🚆	train	train2	Travel & Places	🚆	none
🚇	metro	metro	Travel & Places	🚇	none
🚈	light rail	light_rail	Travel & Places	🚈	none
🚉	station	station	Travel & Places	🚉	none
🚊	tram	tram	Travel & Places	🚊	none
🚝	monorail	monorail	Travel & Places	🚝	none
🚞	mountain railway	mountain_railway	Travel & Places	🚞	none
🚋	tram car	train	Travel & Places	🚋	none
🚌	bus	bus	Travel & Places	🚌	none
🚍	oncoming bus	oncoming_bus	Travel & Places	🚍	none
🚎	trolleybus	trolleybus	Travel & Places	🚎	none
🚐	minibus	minibus	Travel & Places	🚐	none
🚑	ambulance	ambulance	Travel & Places	🚑	none
🚒	fire engine	fire_engine	Travel & Places	🚒	none
🚓	police car	police_car	Travel & Places	🚓	none
🚔	oncoming police car	oncoming_police_car	Travel & Places	🚔	none
🚕	taxi	taxi	Travel & Places	🚕	none
🚖	oncoming taxi	oncoming_taxi	Travel & Places	🚖	none
🚗	automobile	car red_car	Travel & Places	🚗	none
🚘	oncoming automobile	oncoming_automobile	Travel & Places	🚘	none
🚙	sport utility vehicle	blue_car	Travel & Places	🚙	none
🛻	pickup truck	pickup_truck	Travel & Places	🛻	none
🚚	delivery truck	truck	Travel & Places	🚚	none
🚛	articulated lorry	articulated_lorry	Travel & Places	🚛	none
🚜	tractor	tractor	Travel & Places	🚜	none
🏎️	racing car	racing_car	Travel & Places	🏎️	none
🏍️	motorcycle	motorcycle	Travel & Places	🏍️	none
🛵	motor scooter	motor_scooter	Travel & Places	🛵	none
🦽	manual wheelchair	manual_wheelchair	Travel & Places	🦽	none
🦼	motorized wheelchair	motorized_wheelchair	Travel & Places	🦼	none
🛺	auto rickshaw	auto_rickshaw	Travel & Places	🛺	none
🚲	bicycle	bike	Travel & Places	🚲	none
🛴	kick scooter	kick_scooter	Travel & Places	🛴	none
🛹	skateboard	skateboard	Travel & Places	🛹	none
🛼	roller skate	roller_skate	Travel & Places	🛼	none
🚏	bus stop	busstop	Travel & Places	🚏	none
🛣️	motorway	motorway	Travel & Places	🛣️	none
🛤️	railway track	railway_track	Travel & Places	🛤️	none
🛢️	oil drum	oil_drum	Travel & Places	🛢️	none
⛽	fuel pump	fuelpump	Travel & Places	⛽	none
🛞	wheel	wheel	Travel & Places	🛞	none
🚨	police car light	rotating_light	Travel & Places	🚨	none
🚥	horizontal traffic light	traffic_light	Travel & Places	🚥	none
🚦	vertical traffic light	vertical_traffic_light	Travel & Places	🚦	none
🛑	stop sign	stop_sign	Travel & Places	🛑	none
🚧	construction	construction	Travel & Places	🚧	none
⚓	anchor	anchor	Travel & Places	⚓	none
🛟	ring buoy	ring_buoy	Travel & Places	🛟	none
⛵	sailboat	boat sailboat	Travel & Places	⛵	none
🛶	canoe	canoe	Travel & Places	🛶	none
🚤	speedboat	speedboat	Travel & Places	🚤	none
🛳️	passenger ship	passenger_ship	Travel & Places	🛳️	none
⛴️	ferry	ferry	Travel & Places	⛴️	none
🛥️	motor boat	motor_boat	Travel & Places	🛥️	none
🚢	ship	ship	Travel & Places	🚢	none
✈️	airplane	airplane	Travel & Places	✈️	none
🛩️	small airplane	small_airplane	Travel & Places	🛩️	none
🛫	airplane departure	flight_departure	Travel & Places	🛫	none
🛬	airplane arrival	flight_arrival	Travel & Places	🛬	none
🪂	parachute	parachute	Travel & Places	🪂	none
💺	seat	seat	Travel & Places	💺	none
🚁	helicopter	helicopter	Travel & Places	🚁	none
🚟	suspension railway	suspension_railway	Travel & Places	🚟	none
🚠	mountain cableway	mountain_cableway	Travel & Places	🚠	none
🚡	aerial tramway	aerial_tramway	Travel & Places	🚡	none
🛰️	satellite	artificial_satellite	Travel & Places	🛰️	none
🚀	rocket	rocket	Travel & Places	🚀	none
🛸	flying saucer	flying_saucer	Travel & Places	🛸	none
🛎️	bellhop bell	bellhop_bell	Travel & Places	🛎️	none
🧳	luggage	luggage	Travel & Places	🧳	none
⌛	hourglass done	hourglass	Travel & Places	⌛	none
⏳	hourglass not done	hourglass_flowing_sand	Travel & Places	⏳	none
⌚	watch	watch	Travel & Places	⌚	none
⏰	alarm clock	alarm_clock	Travel & Places	⏰	none
⏱️	stopwatch	stopwatch	Travel & Places	⏱️	none
⏲️	timer clock	timer_clock	Travel & Places	⏲️	none
🕰️	mantelpiece clock	mantelpiece_clock	Travel & Places	🕰️	none
🕛	twelve o’clock	clock12	Travel & Places	🕛	none
🕧	twelve-thirty	clock1230	Travel & Places	🕧	none
🕐	one o’clock	clock1	Travel & Places	🕐	none
🕜	one-thirty	clock130	Travel & Places	🕜	none
🕑	two o’clock	clock2	Travel & Places	🕑	none
🕝	two-thirty	clock230	Travel & Places	🕝	none
🕒	three o’clock	clock3	Travel & Places	🕒	none
🕞	three-thirty	clock330	Travel & Places	🕞	none
🕓	four o’clock	clock4	Travel & Places	🕓	none
🕟	four-thirty	clock430	Travel & Places	🕟	none
🕔	five o’clock	clock5	Travel & Places	🕔	none
🕠	five-thirty	clock530	Travel & Places	🕠	none
🕕	six o’clock	clock6	Travel & Places	🕕	none
🕡	six-thirty	clock630	Travel & Places	🕡	none
🕖	seven o’clock	clock7	Travel & Places	🕖	none
🕢	seven-thirty	clock730	Travel & Places	🕢	none
🕗	eight o’clock	clock8	Travel & Places	🕗	none
🕣	eight-thirty	clock830	Travel & Places	🕣	none
🕘	nine o’clock	clock9	Travel & Places	🕘	none
🕤	nine-thirty	clock930	Travel & Places	🕤	none
🕙	ten o’clock	clock10	Travel & Places	🕙	none
🕥	ten-thirty	clock1030	Travel & Places	🕥	none
🕚	eleven o’clock	clock11	Travel & Places	🕚	none
🕦	eleven-thirty	clock1130	Travel & Places	🕦	none
🌑	new moon	new_moon	Travel & Places	🌑	none
🌒	waxing crescent moon	waxing_crescent_moon	Travel & Places	🌒	none
🌓	first quarter moon	first_quarter_moon	Travel & Places	🌓	none
🌔	waxing gibbous moon	moon waxing_gibbous_moon	Travel & Places	🌔	none
🌕	full moon	full_moon	Travel & Places	🌕	none
🌖	waning gibbous moon	waning_gibbous_moon	Travel & Places	🌖	none
🌗	last quarter moon	last_quarter_moon	Travel & Places	🌗	none
🌘	waning crescent moon	waning_crescent_moon	Travel & Places	🌘	none
🌙	crescent moon	crescent_moon	Travel & Places	🌙	none
🌚	new moon face	new_moon_with_face	Travel & Places	🌚	none
🌛	first quarter moon face	first_quarter_moon_with_face	Travel & Places	🌛	none
🌜	last quarter moon face	last_quarter_moon_with_face	Travel & Places	🌜	none
🌡️	thermometer	thermometer	Travel & Places	🌡️	none
☀️	sun	sunny	Travel & Places	☀️	none
🌝	full moon face	full_moon_with_face	Travel & Places	🌝	none
🌞	sun with face	sun_with_face	Travel & Places	🌞	none
🪐	ringed planet	ringed_planet	Travel & Places	🪐	none
⭐	star	star	Travel & Places	⭐	none
🌟	glowing star	star2	Travel & Places	🌟	none
🌠	shooting star	stars	Travel & Places	🌠	none
🌌	milky way	milky_way	Travel & Places	🌌	none
☁️	cloud	cloud	Travel & Places	☁️	none
⛅	sun behind cloud	partly_sunny	Travel & Places	⛅	none
⛈️	cloud with lightning and rain	cloud_with_lightning_and_rain	Travel & Places	⛈️	none
🌤️	sun behind small cloud	sun_behind_small_cloud	Travel & Places	🌤️	none
🌥️	sun behind large cloud	sun_behind_large_cloud	Travel & Places	🌥️	none
🌦️	sun behind rain cloud	sun_behind_rain_cloud	Travel & Places	🌦️	none
🌧️	cloud with rain	cloud_with_rain	Travel & Places	🌧️	none
🌨️	cloud with snow	cloud_with_snow	Travel & Places	🌨️	none
🌩️	cloud with lightning	cloud_with_lightning	Travel & Places	🌩️	none
🌪️	tornado	tornado	Travel & Places	🌪️	none
🌫️	fog	fog	Travel & Places	🌫️	none
🌬️	wind face	wind_face	Travel & Places	🌬️	none
🌀	cyclone	cyclone	Travel & Places	🌀	none
🌈	rainbow	rainbow	Travel & Places	🌈	none
🌂	closed umbrella	closed_umbrella	Travel & Places	🌂	none
☂️	umbrella	open_umbrella	Travel & Places	☂️	none
☔	umbrella with rain drops	umbrella	Travel & Places	☔	none
⛱️	umbrella on ground	parasol_on_ground	Travel & Places	⛱️	none
⚡	high voltage	zap	Travel & Places	⚡	none
❄️	snowflake	snowflake	Travel & Places	❄️	none
☃️	snowman	snowman_with_snow	Travel & Places	☃️	none
⛄	snowman without snow	snowman	Travel & Places	⛄	none
☄️	comet	comet	Travel & Places	☄️	none
🔥	fire	fire	Travel & Places	🔥	none
💧	droplet	droplet	Travel & Places	💧	none
🌊	water wave	ocean	Travel & Places	🌊	none
🎃	jack-o-lantern	jack_o_lantern	Activities	🎃	none
🎄	Christmas tree	christmas_tree	Activities	🎄	none
🎆	fireworks	fireworks	Activities	🎆	none
🎇	sparkler	sparkler	Activities	🎇	none
🧨	firecracker	firecracker	Activities	🧨	none
✨	sparkles	sparkles	Activities	✨	none
🎈	balloon	balloon	Activities	🎈	none
🎉	party popper	tada	Activities	🎉	none
🎊	confetti ball	confetti_ball	Activities	🎊	none
🎋	tanabata tree	tanabata_tree	Activities	🎋	none
🎍	pine decoration	bamboo	Activities	🎍	none
🎎	Japanese dolls	dolls	Activities	🎎	none
🎏	carp streamer	flags	Activities	🎏	none
🎐	wind chime	wind_chime	Activities	🎐	none
🎑	moon viewing ceremony	rice_scene	Activities	🎑	none
🧧	red envelope	red_envelope	Activities	🧧	none
🎀	ribbon	ribbon	Activities	🎀	none
🎁	wrapped gift	gift	Activities	🎁	none
🎗️	reminder ribbon	reminder_ribbon	Activities	🎗️	none
🎟️	admission tickets	tickets	Activities	🎟️	none
🎫	ticket	ticket	Activities	🎫	none
🎖️	military medal	medal_military	Activities	🎖️	none
🏆	trophy	trophy	Activities	🏆	none
🏅	sports medal	medal_sports	Activities	🏅	none
🥇	1st place medal	1st_place_medal	Activities	🥇	none
🥈	2nd place medal	2nd_place_medal	Activities	🥈	none
🥉	3rd place medal	3rd_place_medal	Activities	🥉	none
⚽	soccer ball	soccer	Activities	⚽	none
⚾	baseball	baseball	Activities	⚾	none
🥎	softball	softball	Activities	🥎	none
🏀	basketball	basketball	Activities	🏀	none
🏐	volleyball	volleyball	Activities	🏐	none
🏈	american football	football	Activities	🏈	none
🏉	rugby football	rugby_football	Activities	🏉	none
🎾	tennis	tennis	Activities	🎾	none
🥏	flying disc	flying_disc	Activities	🥏	none
🎳	bowling	bowling	Activities	🎳	none
🏏	cricket game	cricket_game	Activities	🏏	none
🏑	field hockey	field_hockey	Activities	🏑	none
🏒	ice hockey	ice_hockey	Activities	🏒	none
🥍	lacrosse	lacrosse	Activities	🥍	none
🏓	ping pong	ping_pong	Activities	🏓	none
🏸	badminton	badminton	Activities	🏸	none
🥊	boxing glove	boxing_glove	Activities	🥊	none
🥋	martial arts uniform	martial_arts_uniform	Activities	🥋	none
🥅	goal net	goal_net	Activities	🥅	none
⛳	flag in hole	golf	Activities	⛳	none
⛸️	ice skate	ice_skate	Activities	⛸️	none
🎣	fishing pole	fishing_pole_and_fish	Activities	🎣	none
🤿	diving mask	diving_mask	Activities	🤿	none
🎽	running shirt	running_shirt_with_sash	Activities	🎽	none
🎿	skis	ski	Activities	🎿	none
🛷	sled	sled	Activities	🛷	none
🥌	curling stone	curling_stone	Activities	🥌	none
🎯	bullseye	dart	Activities	🎯	none
🪀	yo-yo	yo_yo	Activities	🪀	none
🪁	kite	kite	Activities	🪁	none
🔫	water pistol	gun	Activities	🔫	none
🎱	pool 8 ball	8ball	Activities	🎱	none
🔮	crystal ball	crystal_ball	Activities	🔮	none
🪄	magic wand	magic_wand	Activities	🪄	none
🎮	video game	video_game	Activities	🎮	none
🕹️	joystick	joystick	Activities	🕹️	none
🎰	slot machine	slot_machine	Activities	🎰	none
🎲	game die	game_die	Activities	🎲	none
🧩	puzzle piece	jigsaw	Activities	🧩	none
🧸	teddy bear	teddy_bear	Activities	🧸	none
🪅	piñata	pinata	Activities	🪅	none
🪩	mirror ball	mirror_ball	Activities	🪩	none
🪆	nesting dolls	nesting_dolls	Activities	🪆	none
♠️	spade suit	spades	Activities	♠️	none
♥️	heart suit	hearts	Activities	♥️	none
♦️	diamond suit	diamonds	Activities	♦️	none
♣️	club suit	clubs	Activities	♣️	none
♟️	chess pawn	chess_pawn	Activities	♟️	none
🃏	joker	black_joker	Activities	🃏	none
🀄	mahjong red dragon	mahjong	Activities	🀄	none
🎴	flower playing cards	flower_playing_cards	Activities	🎴	none
🎭	performing arts	performing_arts	Activities	🎭	none
🖼️	framed picture	framed_picture	Activities	🖼️	none
🎨	artist palette	art	Activities	🎨	none
🧵	thread	thread	Activities	🧵	none
🪡	sewing needle	sewing_needle	Activities	🪡	none
🧶	yarn	yarn	Activities	🧶	none
🪢	knot	knot	Activities	🪢	none
👓	glasses	eyeglasses	Objects	👓	none
🕶️	sunglasses	dark_sunglasses	Objects	🕶️	none
🥽	goggles	goggles	Objects	🥽	none
🥼	lab coat	lab_coat	Objects	🥼	none
🦺	safety vest	safety_vest	Objects	🦺	none
👔	necktie	necktie	Objects	👔	none
👕	t-shirt	shirt tshirt	Objects	👕	none
👖	jeans	jeans	Objects	👖	none
🧣	scarf	scarf	Objects	🧣	none
🧤	gloves	gloves	Objects	🧤	none
🧥	coat	coat	Objects	🧥	none
🧦	socks	socks	Objects	🧦	none
👗	dress	dress	Objects	👗	none
👘	kimono	kimono	Objects	👘	none
🥻	sari	sari	Objects	🥻	none
🩱	one-piece swimsuit	one_piece_swimsuit	Objects	🩱	none
🩲	briefs	swim_brief	Objects	🩲	none
🩳	shorts	shorts	Objects	🩳	none
👙	bikini	bikini	Objects	👙	none
👚	woman’s clothes	womans_clothes	Objects	👚	none
🪭	folding hand fan	folding_hand_fan	Objects	🪭	none
👛	purse	purse	Objects	👛	none
👜	handbag	handbag	Objects	👜	none
👝	clutch bag	pouch	Objects	👝	none
🛍️	shopping bags	shopping	Objects	🛍️	none
🎒	backpack	school_satchel	Objects	🎒	none
🩴	thong sandal	thong_sandal	Objects	🩴	none
👞	man’s shoe	mans_shoe shoe	Objects	👞	none
👟	running shoe	athletic_shoe	Objects	👟	none
🥾	hiking boot	hiking_boot	Objects	🥾	none
🥿	flat shoe	flat_shoe	Objects	🥿	none
👠	high-heeled shoe	high_heel	Objects	👠	none
👡	woman’s sandal	sandal	Objects	👡	none
🩰	ballet shoes	ballet_shoes	Objects	🩰	none
👢	woman’s boot	boot	Objects	👢	none
🪮	hair pick	hair_pick	Objects	🪮	none
👑	crown	crown	Objects	👑	none
👒	woman’s hat	womans_hat	Objects	👒	none
🎩	top hat	tophat	Objects	🎩	none
🎓	graduation cap	mortar_board	Objects	🎓	none
🧢	billed cap	billed_cap	Objects	🧢	none
🪖	military helmet	military_helmet	Objects	🪖	none
⛑️	rescue worker’s helmet	rescue_worker_helmet	Objects	⛑️	none
📿	prayer beads	prayer_beads	Objects	📿	none
💄	lipstick	lipstick	Objects	💄	none
💍	ring	ring	Objects	💍	none
💎	gem stone	gem	Objects	💎	none
🔇	muted speaker	mute	Objects	🔇	none
🔈	speaker low volume	speaker	Objects	🔈	none
🔉	speaker medium volume	sound	Objects	🔉	none
🔊	speaker high volume	loud_sound	Objects	🔊	none
📢	loudspeaker	loudspeaker	Objects	📢	none
📣	megaphone	mega	Objects	📣	none
📯	postal horn	postal_horn	Objects	📯	none
🔔	bell	bell	Objects	🔔	none
🔕	bell with slash	no_bell	Objects	🔕	none
🎼	musical score	musical_score	Objects	🎼	none
🎵	musical note	musical_note	Objects	🎵	none
🎶	musical notes	notes	Objects	🎶	none
🎙️	studio microphone	studio_microphone	Objects	🎙️	none
🎚️	level slider	level_slider	Objects	🎚️	none
🎛️	control knobs	control_knobs	Objects	🎛️	none
🎤	microphone	microphone	Objects	🎤	none
🎧	headphone	headphones	Objects	🎧	none
📻	radio	radio	Objects	📻	none
🎷	saxophone	saxophone	Objects	🎷	none
🎺	trumpet	trumpet	Objects	🎺	none
🪊	trombone		Objects	🪊	none
🪗	accordion	accordion	Objects	🪗	none
🎸	guitar	guitar	Objects	🎸	none
🎹	musical keyboard	musical_keyboard	Objects	🎹	none
🎻	violin	violin	Objects	🎻	none
🪕	banjo	banjo	Objects	🪕	none
🥁	drum	drum	Objects	🥁	none
🪘	long drum	long_drum	Objects	🪘	none
🪇	maracas	maracas	Objects	🪇	none
🪈	flute	flute	Objects	🪈	none
🪉	harp		Objects	🪉	none
📱	mobile phone	iphone	Objects	📱	none
📲	mobile phone with arrow	calling	Objects	📲	none
☎️	telephone	phone telephone	Objects	☎️	none
📞	telephone receiver	telephone_receiver	Objects	📞	none
📟	pager	pager	Objects	📟	none
📠	fax machine	fax	Objects	📠	none
🔋	battery	battery	Objects	🔋	none
🪫	low battery	low_battery	Objects	🪫	none
🔌	electric plug	electric_plug	Objects	🔌	none
💻	laptop	computer	Objects	💻	none
🖥️	desktop computer	desktop_computer	Objects	🖥️	none
🖨️	printer	printer	Objects	🖨️	none
⌨️	keyboard	keyboard	Objects	⌨️	none
🖱️	computer mouse	computer_mouse	Objects	🖱️	none
🖲️	trackball	trackball	Objects	🖲️	none
💽	computer disk	minidisc	Objects	💽	none
💾	floppy disk	floppy_disk	Objects	💾	none
💿	optical disk	cd	Objects	💿	none
📀	dvd	dvd	Objects	📀	none
🧮	abacus	abacus	Objects	🧮	none
🎥	movie camera	movie_camera	Objects	🎥	none
🎞️	film frames	film_strip	Objects	🎞️	none
📽️	film projector	film_projector	Objects	📽️	none
🎬	clapper board	clapper	Objects	🎬	none
📺	television	tv	Objects	📺	none
📷	camera	camera	Objects	📷	none
📸	camera with flash	camera_flash	Objects	📸	none
📹	video camera	video_camera	Objects	📹	none
📼	videocassette	vhs	Objects	📼	none
🔍	magnifying glass tilted left	mag	Objects	🔍	none
🔎	magnifying glass tilted right	mag_right	Objects	🔎	none
🕯️	candle	candle	Objects	🕯️	none
💡	light bulb	bulb	Objects	💡	none
🔦	flashlight	flashlight	Objects	🔦	none
🏮	red paper lantern	izakaya_lantern lantern	Objects	🏮	none
🪔	diya lamp	diya_lamp	Objects	🪔	none
📔	notebook with decorative cover	notebook_with_decorative_cover	Objects	📔	none
📕	closed book	closed_book	Objects	📕	none
📖	open book	book open_book	Objects	📖	none
📗	green book	green_book	Objects	📗	none
📘	blue book	blue_book	Objects	📘	none
📙	orange book	orange_book	Objects	📙	none
📚	books	books	Objects	📚	none
📓	notebook	notebook	Objects	📓	none
📒	ledger	ledger	Objects	📒	none
📃	page with curl	page_with_curl	Objects	📃	none
📜	scroll	scroll	Objects	📜	none
📄	page facing up	page_facing_up	Objects	📄	none
📰	newspaper	newspaper	Objects	📰	none
🗞️	rolled-up newspaper	newspaper_roll	Objects	🗞️	none
📑	bookmark tabs	bookmark_tabs	Objects	📑	none
🔖	bookmark	bookmark	Objects	🔖	none
🏷️	label	label	Objects	🏷️	none
🪙	coin	coin	Objects	🪙	none
💰	money bag	moneybag	Objects	💰	none
🪎	treasure chest		Objects	🪎	none
💴	yen banknote	yen	Objects	💴	none
💵	dollar banknote	dollar	Objects	💵	none
💶	euro banknote	euro	Objects	💶	none
💷	pound banknote	pound	Objects	💷	none
💸	money with wings	money_with_wings	Objects	💸	none
💳	credit card	credit_card	Objects	💳	none
🧾	receipt	receipt	Objects	🧾	none
💹	chart increasing with yen	chart	Objects	💹	none
✉️	envelope	envelope	Objects	✉️	none
📧	e-mail	email e-mail	Objects	📧	none
📨	incoming envelope	incoming_envelope	Objects	📨	none
📩	envelope with arrow	envelope_with_arrow	Objects	📩	none
📤	outbox tray	outbox_tray	Objects	📤	none
📥	inbox tray	inbox_tray	Objects	📥	none
📦	package	package	Objects	📦	none
📫	closed mailbox with raised flag	mailbox	Objects	📫	none
📪	closed mailbox with lowered flag	mailbox_closed	Objects	📪	none
📬	open mailbox with raised flag	mailbox_with_mail	Objects	📬	none
📭	open mailbox with lowered flag	mailbox_with_no_mail	Objects	📭	none
📮	postbox	postbox	Objects	📮	none
🗳️	ballot box with ballot	ballot_box	Objects	🗳️	none
✏️	pencil	pencil2	Objects	✏️	none
✒️	black nib	black_nib	Objects	✒️	none
🖋️	fountain pen	fountain_pen	Objects	🖋️	none
🖊️	pen	pen	Objects	🖊️	none
🖌️	paintbrush	paintbrush	Objects	🖌️	none
🖍️	crayon	crayon	Objects	🖍️	none
📝	memo	memo pencil	Objects	📝	none
💼	briefcase	briefcase	Objects	💼	none
📁	file folder	file_folder	Objects	📁	none
📂	open file folder	open_file_folder	Objects	📂	none
🗂️	card index dividers	card_index_dividers	Objects	🗂️	none
📅	calendar	date	Objects	📅	none
📆	tear-off calendar	calendar	Objects	📆	none
🗒️	spiral notepad	spiral_notepad	Objects	🗒️	none
🗓️	spiral calendar	spiral_calendar	Objects	🗓️	none
📇	card index	card_index	Objects	📇	none
📈	chart increasing	chart_with_upwards_trend	Objects	📈	none
📉	chart decreasing	chart_with_downwards_trend	Objects	📉	none
📊	bar chart	bar_chart	Objects	📊	none
📋	clipboard	clipboard	Objects	📋	none
📌	pushpin	pushpin	Objects	📌	none
📍	round pushpin	round_pushpin	Objects	📍	none
📎	paperclip	paperclip	Objects	📎	none
🖇️	linked paperclips	paperclips	Objects	🖇️	none
📏	straight ruler	straight_ruler	Objects	📏	none
📐	triangular ruler	triangular_ruler	Objects	📐	none
✂️	scissors	scissors	Objects	✂️	none
🗃️	card file box	card_file_box	Objects	🗃️	none
🗄️	file cabinet	file_cabinet	Objects	🗄️	none
🗑️	wastebasket	wastebasket	Objects	🗑️	none
🔒	locked	lock	Objects	🔒	none
🔓	unlocked	unlock	Objects	🔓	none
🔏	locked with pen	lock_with_ink_pen	Objects	🔏	none
🔐	locked with key	closed_lock_with_key	Objects	🔐	none
🔑	key	key	Objects	🔑	none
🗝️	old key	old_key	Objects	🗝️	none
🔨	hammer	hammer	Objects	🔨	none
🪓	axe	axe	Objects	🪓	none
⛏️	pick	pick	Objects	⛏️	none
⚒️	hammer and pick	hammer_and_pick	Objects	⚒️	none
🛠️	hammer and wrench	hammer_and_wrench	Objects	🛠️	none
🗡️	dagger	dagger	Objects	🗡️	none
⚔️	crossed swords	crossed_swords	Objects	⚔️	none
💣	bomb	bomb	Objects	💣	none
🪃	boomerang	boomerang	Objects	🪃	none
🏹	bow and arrow	bow_and_arrow	Objects	🏹	none
🛡️	shield	shield	Objects	🛡️	none
🪚	carpentry saw	carpentry_saw	Objects	🪚	none
🔧	wrench	wrench	Objects	🔧	none
🪛	screwdriver	screwdriver	Objects	🪛	none
🔩	nut and bolt	nut_and_bolt	Objects	🔩	none
⚙️	gear	gear	Objects	⚙️	none
🗜️	clamp	clamp	Objects	🗜️	none
⚖️	balance scale	balance_scale	Objects	⚖️	none
🦯	white cane	probing_cane	Objects	🦯	none
🔗	link	link	Objects	🔗	none
⛓️‍💥	broken chain		Objects	⛓️‍💥	none
⛓️	chains	chains	Objects	⛓️	none
🪝	hook	hook	Objects	🪝	none
🧰	toolbox	toolbox	Objects	🧰	none
🧲	magnet	magnet	Objects	🧲	none
🪜	ladder	ladder	Objects	🪜	none
🪏	shovel		Objects	🪏	none
⚗️	alembic	alembic	Objects	⚗️	none
🧪	test tube	test_tube	Objects	🧪	none
🧫	petri dish	petri_dish	Objects	🧫	none
🧬	dna	dna	Objects	🧬	none
🔬	microscope	microscope	Objects	🔬	none
🔭	telescope	telescope	Objects	🔭	none
📡	satellite antenna	satellite	Objects	📡	none
💉	syringe	syringe	Objects	💉	none
🩸	drop of blood	drop_of_blood	Objects	🩸	none
💊	pill	pill	Objects	💊	none
🩹	adhesive bandage	adhesive_bandage	Objects	🩹	none
🩼	crutch	crutch	Objects	🩼	none
🩺	stethoscope	stethoscope	Objects	🩺	none
🩻	x-ray	x_ray	Objects	🩻	none
🚪	door	door	Objects	🚪	none
🛗	elevator	elevator	Objects	🛗	none
🪞	mirror	mirror	Objects	🪞	none
🪟	window	window	Objects	🪟	none
🛏️	bed	bed	Objects	🛏️	none
🛋️	couch and lamp	couch_and_lamp	Objects	🛋️	none
🪑	chair	chair	Objects	🪑	none
🚽	toilet	toilet	Objects	🚽	none
🪠	plunger	plunger	Objects	🪠	none
🚿	shower	shower	Objects	🚿	none
🛁	bathtub	bathtub	Objects	🛁	none
🪤	mouse trap	mouse_trap	Objects	🪤	none
🪒	razor	razor	Objects	🪒	none
🧴	lotion bottle	lotion_bottle	Objects	🧴	none
🧷	safety pin	safety_pin	Objects	🧷	none
🧹	broom	broom	Objects	🧹	none
🧺	basket	basket	Objects	🧺	none
🧻	roll of paper	roll_of_paper	Objects	🧻	none
🪣	bucket	bucket	Objects	🪣	none
🧼	soap	soap	Objects	🧼	none
🫧	bubbles	bubbles	Objects	🫧	none
🪥	toothbrush	toothbrush	Objects	🪥	none
🧽	sponge	sponge	Objects	🧽	none
🧯	fire extinguisher	fire_extinguisher	Objects	🧯	none
🛒	shopping cart	shopping_cart	Objects	🛒	none
🚬	cigarette	smoking	Objects	🚬	none
⚰️	coffin	coffin	Objects	⚰️	none
🪦	headstone	headstone	Objects	🪦	none
⚱️	funeral urn	funeral_urn	Objects	⚱️	none
🧿	nazar amulet	nazar_amulet	Objects	🧿	none
🪬	hamsa	hamsa	Objects	🪬	none
🗿	moai	moyai	Objects	🗿	none
🪧	placard	placard	Objects	🪧	none
🪪	identification card	identification_card	Objects	🪪	none
🏧	ATM sign	atm	Symbols	🏧	none
🚮	litter in bin sign	put_litter_in_its_place	Symbols	🚮	none
🚰	potable water	potable_water	Symbols	🚰	none
♿	wheelchair symbol	wheelchair	Symbols	♿	none
🚹	men’s room	mens	Symbols	🚹	none
🚺	women’s room	womens	Symbols	🚺	none
🚻	restroom	restroom	Symbols	🚻	none
🚼	baby symbol	baby_symbol	Symbols	🚼	none
🚾	water closet	wc	Symbols	🚾	none
🛂	passport control	passport_control	Symbols	🛂	none
🛃	customs	customs	Symbols	🛃	none
🛄	baggage claim	baggage_claim	Symbols	🛄	none
🛅	left luggage	left_luggage	Symbols	🛅	none
⚠️	warning	warning	Symbols	⚠️	none
🚸	children crossing	children_crossing	Symbols	🚸	none
⛔	no entry	no_entry	Symbols	⛔	none
🚫	prohibited	no_entry_sign	Symbols	🚫	none
🚳	no bicycles	no_bicycles	Symbols	🚳	none
🚭	no smoking	no_smoking	Symbols	🚭	none
🚯	no littering	do_not_litter	Symbols	🚯	none
🚱	non-potable water	non-potable_water	Symbols	🚱	none
🚷	no pedestrians	no_pedestrians	Symbols	🚷	none
📵	no mobile phones	no_mobile_phones	Symbols	📵	none
🔞	no one under eighteen	underage	Symbols	🔞	none
☢️	radioactive	radioactive	Symbols	☢️	none
☣️	biohazard	biohazard	Symbols	☣️	none
⬆️	up arrow	arrow_up	Symbols	⬆️	none
↗️	up-right arrow	arrow_upper_right	Symbols	↗️	none
➡️	right arrow	arrow_right	Symbols	➡️	none
↘️	down-right arrow	arrow_lower_right	Symbols	↘️	none
⬇️	down arrow	arrow_down	Symbols	⬇️	none
↙️	down-left arrow	arrow_lower_left	Symbols	↙️	none
⬅️	left arrow	arrow_left	Symbols	⬅️	none
↖️	up-left arrow	arrow_upper_left	Symbols	↖️	none
↕️	up-down arrow	arrow_up_down	Symbols	↕️	none
↔️	left-right arrow	left_right_arrow	Symbols	↔️	none
↩️	right arrow curving left	leftwards_arrow_with_hook	Symbols	↩️	none
↪️	left arrow curving right	arrow_right_hook	Symbols	↪️	none
⤴️	right arrow curving up	arrow_heading_up	Symbols	⤴️	none
⤵️	right arrow curving down	arrow_heading_down	Symbols	⤵️	none
🔃	clockwise vertical arrows	arrows_clockwise	Symbols	🔃	none
🔄	counterclockwise arrows button	arrows_counterclockwise	Symbols	🔄	none
🔙	BACK arrow	back	Symbols	🔙	none
🔚	END arrow	end	Symbols	🔚	none
🔛	ON! arrow	on	Symbols	🔛	none
🔜	SOON arrow	soon	Symbols	🔜	none
🔝	TOP arrow	top	Symbols	🔝	none
🛐	place of worship	place_of_worship	Symbols	🛐	none
⚛️	atom symbol	atom_symbol	Symbols	⚛️	none
🕉️	om	om	Symbols	🕉️	none
✡️	star of David	star_of_david	Symbols	✡️	none
☸️	wheel of dharma	wheel_of_dharma	Symbols	☸️	none
☯️	yin yang	yin_yang	Symbols	☯️	none
✝️	latin cross	latin_cross	Symbols	✝️	none
☦️	orthodox cross	orthodox_cross	Symbols	☦️	none
☪️	star and crescent	star_and_crescent	Symbols	☪️	none
☮️	peace symbol	peace_symbol	Symbols	☮️	none
🕎	menorah	menorah	Symbols	🕎	none
🔯	dotted six-pointed star	six_pointed_star	Symbols	🔯	none
🪯	khanda	khanda	Symbols	🪯	none
♈	Aries	aries	Symbols	♈	none
♉	Taurus	taurus	Symbols	♉	none
♊	Gemini	gemini	Symbols	♊	none
♋	Cancer	cancer	Symbols	♋	none
♌	Leo	leo	Symbols	♌	none
♍	Virgo	virgo	Symbols	♍	none
♎	Libra	libra	Symbols	♎	none
♏	Scorpio	scorpius	Symbols	♏	none
♐	Sagittarius	sagittarius	Symbols	♐	none
♑	Capricorn	capricorn	Symbols	♑	none
♒	Aquarius	aquarius	Symbols	♒	none
♓	Pisces	pisces	Symbols	♓	none
⛎	Ophiuchus	ophiuchus	Symbols	⛎	none
🔀	shuffle tracks button	twisted_rightwards_arrows	Symbols	🔀	none
🔁	repeat button	repeat	Symbols	🔁	none
🔂	repeat single button	repeat_one	Symbols	🔂	none
▶️	play button	arrow_forward	Symbols	▶️	none
⏩	fast-forward button	fast_forward	Symbols	⏩	none
⏭️	next track button	next_track_button	Symbols	⏭️	none
⏯️	play or pause button	play_or_pause_button	Symbols	⏯️	none
◀️	reverse button	arrow_backward	Symbols	◀️	none
⏪	fast reverse button	rewind	Symbols	⏪	none
⏮️	last track button	previous_track_button	Symbols	⏮️	none
🔼	upwards button	arrow_up_small	Symbols	🔼	none
⏫	fast up button	arrow_double_up	Symbols	⏫	none
🔽	downwards button	arrow_down_small	Symbols	🔽	none
⏬	fast down button	arrow_double_down	Symbols	⏬	none
⏸️	pause button	pause_button	Symbols	⏸️	none
⏹️	stop button	stop_button	Symbols	⏹️	none
⏺️	record button	record_button	Symbols	⏺️	none
⏏️	eject button	eject_button	Symbols	⏏️	none
🎦	cinema	cinema	Symbols	🎦	none
🔅	dim button	low_brightness	Symbols	🔅	none
🔆	bright button	high_brightness	Symbols	🔆	none
📶	antenna bars	signal_strength	Symbols	📶	none
🛜	wireless	wireless	Symbols	🛜	none
📳	vibration mode	vibration_mode	Symbols	📳	none
📴	mobile phone off	mobile_phone_off	Symbols	📴	none
♀️	female sign	female_sign	Symbols	♀️	none
♂️	male sign	male_sign	Symbols	♂️	none
⚧️	transgender symbol	transgender_symbol	Symbols	⚧️	none
✖️	multiply	heavy_multiplication_x	Symbols	✖️	none
➕	plus	heavy_plus_sign	Symbols	➕	none
➖	minus	heavy_minus_sign	Symbols	➖	none
➗	divide	heavy_division_sign	Symbols	➗	none
🟰	heavy equals sign	heavy_equals_sign	Symbols	🟰	none
♾️	infinity	infinity	Symbols	♾️	none
‼️	double exclamation mark	bangbang	Symbols	‼️	none
⁉️	exclamation question mark	interrobang	Symbols	⁉️	none
❓	red question mark	question	Symbols	❓	none
❔	white question mark	grey_question	Symbols	❔	none
❕	white exclamation mark	grey_exclamation	Symbols	❕	none
❗	red exclamation mark	exclamation heavy_exclamation_mark	Symbols	❗	none
〰️	wavy dash	wavy_dash	Symbols	〰️	none
💱	currency exchange	currency_exchange	Symbols	💱	none
💲	heavy dollar sign	heavy_dollar_sign	Symbols	💲	none
⚕️	medical symbol	medical_symbol	Symbols	⚕️	none
♻️	recycling symbol	recycle	Symbols	♻️	none
⚜️	fleur-de-lis	fleur_de_lis	Symbols	⚜️	none
🔱	trident emblem	trident	Symbols	🔱	none
📛	name badge	name_badge	Symbols	📛	none
🔰	Japanese symbol for beginner	beginner	Symbols	🔰	none
⭕	hollow red circle	o	Symbols	⭕	none
✅	check mark button	white_check_mark	Symbols	✅	none
☑️	check box with check	ballot_box_with_check	Symbols	☑️	none
✔️	check mark	heavy_check_mark	Symbols	✔️	none
❌	cross mark	x	Symbols	❌	none
❎	cross mark button	negative_squared_cross_mark	Symbols	❎	none
➰	curly loop	curly_loop	Symbols	➰	none
➿	double curly loop	loop	Symbols	➿	none
〽️	part alternation mark	part_alternation_mark	Symbols	〽️	none
✳️	eight-spoked asterisk	eight_spoked_asterisk	Symbols	✳️	none
✴️	eight-pointed star	eight_pointed_black_star	Symbols	✴️	none
❇️	sparkle	sparkle	Symbols	❇️	none
©️	copyright	copyright	Symbols	©️	none
®️	registered	registered	Symbols	®️	none
™️	trade mark	tm	Symbols	™️	none
🫟	splatter		Symbols	🫟	none
#️⃣	keycap: #	hash	Symbols	#️⃣	none
*️⃣	keycap: *	asterisk	Symbols	*️⃣	none
0️⃣	keycap: 0	zero	Symbols	0️⃣	none
1️⃣	keycap: 1	one	Symbols	1️⃣	none
2️⃣	keycap: 2	two	Symbols	2️⃣	none
3️⃣	keycap: 3	three	Symbols	3️⃣	none
4️⃣	keycap: 4	four	Symbols	4️⃣	none
5️⃣	keycap: 5	five	Symbols	5️⃣	none
6️⃣	keycap: 6	six	Symbols	6️⃣	none
7️⃣	keycap: 7	seven	Symbols	7️⃣	none
8️⃣	keycap: 8	eight	Symbols	8️⃣	none
9️⃣	keycap: 9	nine	Symbols	9️⃣	none
🔟	keycap: 10	keycap_ten	Symbols	🔟	none
🔠	input latin uppercase	capital_abcd	Symbols	🔠	none
🔡	input latin lowercase	abcd	Symbols	🔡	none
🔢	input numbers	1234	Symbols	🔢	none
🔣	input symbols	symbols	Symbols	🔣	none
🔤	input latin letters	abc	Symbols	🔤	none
🅰️	A button (blood type)	a	Symbols	🅰️	none
🆎	AB button (blood type)	ab	Symbols	🆎	none
🅱️	B button (blood type)	b	Symbols	🅱️	none
🆑	CL button	cl	Symbols	🆑	none
🆒	COOL button	cool	Symbols	🆒	none
🆓	FREE button	free	Symbols	🆓	none
ℹ️	information	information_source	Symbols	ℹ️	none
🆔	ID button	id	Symbols	🆔	none
Ⓜ️	circled M	m	Symbols	Ⓜ️	none
🆕	NEW button	new	Symbols	🆕	none
🆖	NG button	ng	Symbols	🆖	none
🅾️	O button (blood type)	o2	Symbols	🅾️	none
🆗	OK button	ok	Symbols	🆗	none
🅿️	P button	parking	Symbols	🅿️	none
🆘	SOS button	sos	Symbols	🆘	none
🆙	UP! button	up	Symbols	🆙	none
🆚	VS button	vs	Symbols	🆚	none
🈁	Japanese “here” button	koko	Symbols	🈁	none
🈂️	Japanese “service charge” button	sa	Symbols	🈂️	none
🈷️	Japanese “monthly amount” button	u6708	Symbols	🈷️	none
🈶	Japanese “not free of charge” button	u6709	Symbols	🈶	none
🈯	Japanese “reserved” button	u6307	Symbols	🈯	none
🉐	Japanese “bargain” button	ideograph_advantage	Symbols	🉐	none
🈹	Japanese “discount” button	u5272	Symbols	🈹	none
🈚	Japanese “free of charge” button	u7121	Symbols	🈚	none
🈲	Japanese “prohibited” button	u7981	Symbols	🈲	none
🉑	Japanese “acceptable” button	accept	Symbols	🉑	none
🈸	Japanese “application” button	u7533	Symbols	🈸	none
🈴	Japanese “passing grade” button	u5408	Symbols	🈴	none
🈳	Japanese “vacancy” button	u7a7a	Symbols	🈳	none
㊗️	Japanese “congratulations” button	congratulations	Symbols	㊗️	none
㊙️	Japanese “secret” button	secret	Symbols	㊙️	none
🈺	Japanese “open for business” button	u55b6	Symbols	🈺	none
🈵	Japanese “no vacancy” button	u6e80	Symbols	🈵	none
🔴	red circle	red_circle	Symbols	🔴	none
🟠	orange circle	orange_circle	Symbols	🟠	none
🟡	yellow circle	yellow_circle	Symbols	🟡	none
🟢	green circle	green_circle	Symbols	🟢	none
🔵	blue circle	large_blue_circle	Symbols	🔵	none
🟣	purple circle	purple_circle	Symbols	🟣	none
🟤	brown circle	brown_circle	Symbols	🟤	none
⚫	black circle	black_circle	Symbols	⚫	none
⚪	white circle	white_circle	Symbols	⚪	none
🟥	red square	red_square	Symbols	🟥	none
🟧	orange square	orange_square	Symbols	🟧	none
🟨	yellow square	yellow_square	Symbols	🟨	none
🟩	green square	green_square	Symbols	🟩	none
🟦	blue square	blue_square	Symbols	🟦	none
🟪	purple square	purple_square	Symbols	🟪	none
🟫	brown square	brown_square	Symbols	🟫	none
⬛	black large square	black_large_square	Symbols	⬛	none
⬜	white large square	white_large_square	Symbols	⬜	none
◼️	black medium square	black_medium_square	Symbols	◼️	none
◻️	white medium square	white_medium_square	Symbols	◻️	none
◾	black medium-small square	black_medium_small_square	Symbols	◾	none
◽	white medium-small square	white_medium_small_square	Symbols	◽	none
▪️	black small square	black_small_square	Symbols	▪️	none
▫️	white small square	white_small_square	Symbols	▫️	none
🔶	large orange diamond	large_orange_diamond	Symbols	🔶	none
🔷	large blue diamond	large_blue_diamond	Symbols	🔷	none
🔸	small orange diamond	small_orange_diamond	Symbols	🔸	none
🔹	small blue diamond	small_blue_diamond	Symbols	🔹	none
🔺	red triangle pointed up	small_red_triangle	Symbols	🔺	none
🔻	red triangle pointed down	small_red_triangle_down	Symbols	🔻	none
💠	diamond with a dot	diamond_shape_with_a_dot_inside	Symbols	💠	none
🔘	radio button	radio_button	Symbols	🔘	none
🔳	white square button	white_square_button	Symbols	🔳	none
🔲	black square button	black_square_button	Symbols	🔲	none
🏁	chequered flag	checkered_flag	Flags	🏁	none
🚩	triangular flag	triangular_flag_on_post	Flags	🚩	none
🎌	crossed flags	crossed_flags	Flags	🎌	none
🏴	black flag	black_flag	Flags	🏴	none
🏳️	white flag	white_flag	Flags	🏳️	none
🏳️‍🌈	rainbow flag	rainbow_flag	Flags	🏳️‍🌈	none
🏳️‍⚧️	transgender flag	transgender_flag	Flags	🏳️‍⚧️	none
🏴‍☠️	pirate flag	pirate_flag	Flags	🏴‍☠️	none
🇦🇨	flag: Ascension Island	ascension_island	Flags	🇦🇨	none
🇦🇩	flag: Andorra	andorra	Flags	🇦🇩	none
🇦🇪	flag: United Arab Emirates	united_arab_emirates	Flags	🇦🇪	none
🇦🇫	flag: Afghanistan	afghanistan	Flags	🇦🇫	none
🇦🇬	flag: Antigua & Barbuda	antigua_barbuda	Flags	🇦🇬	none
🇦🇮	flag: Anguilla	anguilla	Flags	🇦🇮	none
🇦🇱	flag: Albania	albania	Flags	🇦🇱	none
🇦🇲	flag: Armenia	armenia	Flags	🇦🇲	none
🇦🇴	flag: Angola	angola	Flags	🇦🇴	none
🇦🇶	flag: Antarctica	antarctica	Flags	🇦🇶	none
🇦🇷	flag: Argentina	argentina	Flags	🇦🇷	none
🇦🇸	flag: American Samoa	american_samoa	Flags	🇦🇸	none
🇦🇹	flag: Austria	austria	Flags	🇦🇹	none
🇦🇺	flag: Australia	australia	Flags	🇦🇺	none
🇦🇼	flag: Aruba	aruba	Flags	🇦🇼	none
🇦🇽	flag: Åland Islands	aland_islands	Flags	🇦🇽	none
🇦🇿	flag: Azerbaijan	azerbaijan	Flags	🇦🇿	none
🇧🇦	flag: Bosnia & Herzegovina	bosnia_herzegovina	Flags	🇧🇦	none
🇧🇧	flag: Barbados	barbados	Flags	🇧🇧	none
🇧🇩	flag: Bangladesh	bangladesh	Flags	🇧🇩	none
🇧🇪	flag: Belgium	belgium	Flags	🇧🇪	none
🇧🇫	flag: Burkina Faso	burkina_faso	Flags	🇧🇫	none
🇧🇬	flag: Bulgaria	bulgaria	Flags	🇧🇬	none
🇧🇭	flag: Bahrain	bahrain	Flags	🇧🇭	none
🇧🇮	flag: Burundi	burundi	Flags	🇧🇮	none
🇧🇯	flag: Benin	benin	Flags	🇧🇯	none
🇧🇱	flag: St. Barthélemy	st_barthelemy	Flags	🇧🇱	none
🇧🇲	flag: Bermuda	bermuda	Flags	🇧🇲	none
🇧🇳	flag: Brunei	brunei	Flags	🇧🇳	none
🇧🇴	flag: Bolivia	bolivia	Flags	🇧🇴	none
🇧🇶	flag: Caribbean Netherlands	caribbean_netherlands	Flags	🇧🇶	none
🇧🇷	flag: Brazil	brazil	Flags	🇧🇷	none
🇧🇸	flag: Bahamas	bahamas	Flags	🇧🇸	none
🇧🇹	flag: Bhutan	bhutan	Flags	🇧🇹	none
🇧🇻	flag: Bouvet Island	bouvet_island	Flags	🇧🇻	none
🇧🇼	flag: Botswana	botswana	Flags	🇧🇼	none
🇧🇾	flag: Belarus	belarus	Flags	🇧🇾	none
🇧🇿	flag: Belize	belize	Flags	🇧🇿	none
🇨🇦	flag: Canada	canada	Flags	🇨🇦	none
🇨🇨	flag: Cocos (Keeling) Islands	cocos_islands	Flags	🇨🇨	none
🇨🇩	flag: Congo - Kinshasa	congo_kinshasa	Flags	🇨🇩	none
🇨🇫	flag: Central African Republic	central_african_republic	Flags	🇨🇫	none
🇨🇬	flag: Congo - Brazzaville	congo_brazzaville	Flags	🇨🇬	none
🇨🇭	flag: Switzerland	switzerland	Flags	🇨🇭	none
🇨🇮	flag: Côte d’Ivoire	cote_divoire	Flags	🇨🇮	none
🇨🇰	flag: Cook Islands	cook_islands	Flags	🇨🇰	none
🇨🇱	flag: Chile	chile	Flags	🇨🇱	none
🇨🇲	flag: Cameroon	cameroon	Flags	🇨🇲	none
🇨🇳	flag: China	cn	Flags	🇨🇳	none
🇨🇴	flag: Colombia	colombia	Flags	🇨🇴	none
🇨🇵	flag: Clipperton Island	clipperton_island	Flags	🇨🇵	none
🇨🇶	flag: Sark		Flags	🇨🇶	none
🇨🇷	flag: Costa Rica	costa_rica	Flags	🇨🇷	none
🇨🇺	flag: Cuba	cuba	Flags	🇨🇺	none
🇨🇻	flag: Cape Verde	cape_verde	Flags	🇨🇻	none
🇨🇼	flag: Curaçao	curacao	Flags	🇨🇼	none
🇨🇽	flag: Christmas Island	christmas_island	Flags	🇨🇽	none
🇨🇾	flag: Cyprus	cyprus	Flags	🇨🇾	none
🇨🇿	flag: Czechia	czech_republic	Flags	🇨🇿	none
🇩🇪	flag: Germany	de	Flags	🇩🇪	none
🇩🇬	flag: Diego Garcia	diego_garcia	Flags	🇩🇬	none
🇩🇯	flag: Djibouti	djibouti	Flags	🇩🇯	none
🇩🇰	flag: Denmark	denmark	Flags	🇩🇰	none
🇩🇲	flag: Dominica	dominica	Flags	🇩🇲	none
🇩🇴	flag: Dominican Republic	dominican_republic	Flags	🇩🇴	none
🇩🇿	flag: Algeria	algeria	Flags	🇩🇿	none
🇪🇦	flag: Ceuta & Melilla	ceuta_melilla	Flags	🇪🇦	none
🇪🇨	flag: Ecuador	ecuador	Flags	🇪🇨	none
🇪🇪	flag: Estonia	estonia	Flags	🇪🇪	none
🇪🇬	flag: Egypt	egypt	Flags	🇪🇬	none
🇪🇭	flag: Western Sahara	western_sahara	Flags	🇪🇭	none
🇪🇷	flag: Eritrea	eritrea	Flags	🇪🇷	none
🇪🇸	flag: Spain	es	Flags	🇪🇸	none
🇪🇹	flag: Ethiopia	ethiopia	Flags	🇪🇹	none
🇪🇺	flag: European Union	eu european_union	Flags	🇪🇺	none
🇫🇮	flag: Finland	finland	Flags	🇫🇮	none
🇫🇯	flag: Fiji	fiji	Flags	🇫🇯	none
🇫🇰	flag: Falkland Islands	falkland_islands	Flags	🇫🇰	none
🇫🇲	flag: Micronesia	micronesia	Flags	🇫🇲	none
🇫🇴	flag: Faroe Islands	faroe_islands	Flags	🇫🇴	none
🇫🇷	flag: France	fr	Flags	🇫🇷	none
🇬🇦	flag: Gabon	gabon	Flags	🇬🇦	none
🇬🇧	flag: United Kingdom	gb uk	Flags	🇬🇧	none
🇬🇩	flag: Grenada	grenada	Flags	🇬🇩	none
🇬🇪	flag: Georgia	georgia	Flags	🇬🇪	none
🇬🇫	flag: French Guiana	french_guiana	Flags	🇬🇫	none
🇬🇬	flag: Guernsey	guernsey	Flags	🇬🇬	none
🇬🇭	flag: Ghana	ghana	Flags	🇬🇭	none
🇬🇮	flag: Gibraltar	gibraltar	Flags	🇬🇮	none
🇬🇱	flag: Greenland	greenland	Flags	🇬🇱	none
🇬🇲	flag: Gambia	gambia	Flags	🇬🇲	none
🇬🇳	flag: Guinea	guinea	Flags	🇬🇳	none
🇬🇵	flag: Guadeloupe	guadeloupe	Flags	🇬🇵	none
🇬🇶	flag: Equatorial Guinea	equatorial_guinea	Flags	🇬🇶	none
🇬🇷	flag: Greece	greece	Flags	🇬🇷	none
🇬🇸	flag: South Georgia & South Sandwich Islands	south_georgia_south_sandwich_islands	Flags	🇬🇸	none
🇬🇹	flag: Guatemala	guatemala	Flags	🇬🇹	none
🇬🇺	flag: Guam	guam	Flags	🇬🇺	none
🇬🇼	flag: Guinea-Bissau	guinea_bissau	Flags	🇬🇼	none
🇬🇾	flag: Guyana	guyana	Flags	🇬🇾	none
🇭🇰	flag: Hong Kong SAR China	hong_kong	Flags	🇭🇰	none
🇭🇲	flag: Heard & McDonald Islands	heard_mcdonald_islands	Flags	🇭🇲	none
🇭🇳	flag: Honduras	honduras	Flags	🇭🇳	none
🇭🇷	flag: Croatia	croatia	Flags	🇭🇷	none
🇭🇹	flag: Haiti	haiti	Flags	🇭🇹	none
🇭🇺	flag: Hungary	hungary	Flags	🇭🇺	none
🇮🇨	flag: Canary Islands	canary_islands	Flags	🇮🇨	none
🇮🇩	flag: Indonesia	indonesia	Flags	🇮🇩	none
🇮🇪	flag: Ireland	ireland	Flags	🇮🇪	none
🇮🇱	flag: Israel	israel	Flags	🇮🇱	none
🇮🇲	flag: Isle of Man	isle_of_man	Flags	🇮🇲	none
🇮🇳	flag: India	india	Flags	🇮🇳	none
🇮🇴	flag: British Indian Ocean Territory	british_indian_ocean_territory	Flags	🇮🇴	none
🇮🇶	flag: Iraq	iraq	Flags	🇮🇶	none
🇮🇷	flag: Iran	iran	Flags	🇮🇷	none
🇮🇸	flag: Iceland	iceland	Flags	🇮🇸	none
🇮🇹	flag: Italy	it	Flags	🇮🇹	none
🇯🇪	flag: Jersey	jersey	Flags	🇯🇪	none
🇯🇲	flag: Jamaica	jamaica	Flags	🇯🇲	none
🇯🇴	flag: Jordan	jordan	Flags	🇯🇴	none
🇯🇵	flag: Japan	jp	Flags	🇯🇵	none
🇰🇪	flag: Kenya	kenya	Flags	🇰🇪	none
🇰🇬	flag: Kyrgyzstan	kyrgyzstan	Flags	🇰🇬	none
🇰🇭	flag: Cambodia	cambodia	Flags	🇰🇭	none
🇰🇮	flag: Kiribati	kiribati	Flags	🇰🇮	none
🇰🇲	flag: Comoros	comoros	Flags	🇰🇲	none
🇰🇳	flag: St. Kitts & Nevis	st_kitts_nevis	Flags	🇰🇳	none
🇰🇵	flag: North Korea	north_korea	Flags	🇰🇵	none
🇰🇷	flag: South Korea	kr	Flags	🇰🇷	none
🇰🇼	flag: Kuwait	kuwait	Flags	🇰🇼	none
🇰🇾	flag: Cayman Islands	cayman_islands	Flags	🇰🇾	none
🇰🇿	flag: Kazakhstan	kazakhstan	Flags	🇰🇿	none
🇱🇦	flag: Laos	laos	Flags	🇱🇦	none
🇱🇧	flag: Lebanon	lebanon	Flags	🇱🇧	none
🇱🇨	flag: St. Lucia	st_lucia	Flags	🇱🇨	none
🇱🇮	flag: Liechtenstein	liechtenstein	Flags	🇱🇮	none
🇱🇰	flag: Sri Lanka	sri_lanka	Flags	🇱🇰	none
🇱🇷	flag: Liberia	liberia	Flags	🇱🇷	none
🇱🇸	flag: Lesotho	lesotho	Flags	🇱🇸	none
🇱🇹	flag: Lithuania	lithuania	Flags	🇱🇹	none
🇱🇺	flag: Luxembourg	luxembourg	Flags	🇱🇺	none
🇱🇻	flag: Latvia	latvia	Flags	🇱🇻	none
🇱🇾	flag: Libya	libya	Flags	🇱🇾	none
🇲🇦	flag: Morocco	morocco	Flags	🇲🇦	none
🇲🇨	flag: Monaco	monaco	Flags	🇲🇨	none
🇲🇩	flag: Moldova	moldova	Flags	🇲🇩	none
🇲🇪	flag: Montenegro	montenegro	Flags	🇲🇪	none
🇲🇫	flag: St. Martin	st_martin	Flags	🇲🇫	none
🇲🇬	flag: Madagascar	madagascar	Flags	🇲🇬	none
🇲🇭	flag: Marshall Islands	marshall_islands	Flags	🇲🇭	none
🇲🇰	flag: North Macedonia	macedonia	Flags	🇲🇰	none
🇲🇱	flag: Mali	mali	Flags	🇲🇱	none
🇲🇲	flag: Myanmar (Burma)	myanmar	Flags	🇲🇲	none
🇲🇳	flag: Mongolia	mongolia	Flags	🇲🇳	none
🇲🇴	flag: Macao SAR China	macau	Flags	🇲🇴	none
🇲🇵	flag: Northern Mariana Islands	northern_mariana_islands	Flags	🇲🇵	none
🇲🇶	flag: Martinique	martinique	Flags	🇲🇶	none
🇲🇷	flag: Mauritania	mauritania	Flags	🇲🇷	none
🇲🇸	flag: Montserrat	montserrat	Flags	🇲🇸	none
🇲🇹	flag: Malta	malta	Flags	🇲🇹	none
🇲🇺	flag: Mauritius	mauritius	Flags	🇲🇺	none
🇲🇻	flag: Maldives	maldives	Flags	🇲🇻	none
🇲🇼	flag: Malawi	malawi	Flags	🇲🇼	none
🇲🇽	flag: Mexico	mexico	Flags	🇲🇽	none
🇲🇾	flag: Malaysia	malaysia	Flags	🇲🇾	none
🇲🇿	flag: Mozambique	mozambique	Flags	🇲🇿	none
🇳🇦	flag: Namibia	namibia	Flags	🇳🇦	none
🇳🇨	flag: New Caledonia	new_caledonia	Flags	🇳🇨	none
🇳🇪	flag: Niger	niger	Flags	🇳🇪	none
🇳🇫	flag: Norfolk Island	norfolk_island	Flags	🇳🇫	none
🇳🇬	flag: Nigeria	nigeria	Flags	🇳🇬	none
🇳🇮	flag: Nicaragua	nicaragua	Flags	🇳🇮	none
🇳🇱	flag: Netherlands	netherlands	Flags	🇳🇱	none
🇳🇴	flag: Norway	norway	Flags	🇳🇴	none
🇳🇵	flag: Nepal	nepal	Flags	🇳🇵	none
🇳🇷	flag: Nauru	nauru	Flags	🇳🇷	none
🇳🇺	flag: Niue	niue	Flags	🇳🇺	none
🇳🇿	flag: New Zealand	new_zealand	Flags	🇳🇿	none
🇴🇲	flag: Oman	oman	Flags	🇴🇲	none
🇵🇦	flag: Panama	panama	Flags	🇵🇦	none
🇵🇪	flag: Peru	peru	Flags	🇵🇪	none
🇵🇫	flag: French Polynesia	french_polynesia	Flags	🇵🇫	none
🇵🇬	flag: Papua New Guinea	papua_new_guinea	Flags	🇵🇬	none
🇵🇭	flag: Philippines	philippines	Flags	🇵🇭	none
🇵🇰	flag: Pakistan	pakistan	Flags	🇵🇰	none
🇵🇱	flag: Poland	poland	Flags	🇵🇱	none
🇵🇲	flag: St. Pierre & Miquelon	st_pierre_miquelon	Flags	🇵🇲	none
🇵🇳	flag: Pitcairn Islands	pitcairn_islands	Flags	🇵🇳	none
🇵🇷	flag: Puerto Rico	puerto_rico	Flags	🇵🇷	none
🇵🇸	flag: Palestinian Territories	palestinian_territories	Flags	🇵🇸	none
🇵🇹	flag: Portugal	portugal	Flags	🇵🇹	none
🇵🇼	flag: Palau	palau	Flags	🇵🇼	none
🇵🇾	flag: Paraguay	paraguay	Flags	🇵🇾	none
🇶🇦	flag: Qatar	qatar	Flags	🇶🇦	none
🇷🇪	flag: Réunion	reunion	Flags	🇷🇪	none
🇷🇴	flag: Romania	romania	Flags	🇷🇴	none
🇷🇸	flag: Serbia	serbia	Flags	🇷🇸	none
🇷🇺	flag: Russia	ru	Flags	🇷🇺	none
🇷🇼	flag: Rwanda	rwanda	Flags	🇷🇼	none
🇸🇦	flag: Saudi Arabia	saudi_arabia	Flags	🇸🇦	none
🇸🇧	flag: Solomon Islands	solomon_islands	Flags	🇸🇧	none
🇸🇨	flag: Seychelles	seychelles	Flags	🇸🇨	none
🇸🇩	flag: Sudan	sudan	Flags	🇸🇩	none
🇸🇪	flag: Sweden	sweden	Flags	🇸🇪	none
🇸🇬	flag: Singapore	singapore	Flags	🇸🇬	none
🇸🇭	flag: St. Helena	st_helena	Flags	🇸🇭	none
🇸🇮	flag: Slovenia	slovenia	Flags	🇸🇮	none
🇸🇯	flag: Svalbard & Jan Mayen	svalbard_jan_mayen	Flags	🇸🇯	none
🇸🇰	flag: Slovakia	slovakia	Flags	🇸🇰	none
🇸🇱	flag: Sierra Leone	sierra_leone	Flags	🇸🇱	none
🇸🇲	flag: San Marino	san_marino	Flags	🇸🇲	none
🇸🇳	flag: Senegal	senegal	Flags	🇸🇳	none
🇸🇴	flag: Somalia	somalia	Flags	🇸🇴	none
🇸🇷	flag: Suriname	suriname	Flags	🇸🇷	none
🇸🇸	flag: South Sudan	south_sudan	Flags	🇸🇸	none
🇸🇹	flag: São Tomé & Príncipe	sao_tome_principe	Flags	🇸🇹	none
🇸🇻	flag: El Salvador	el_salvador	Flags	🇸🇻	none
🇸🇽	flag: Sint Maarten	sint_maarten	Flags	🇸🇽	none
🇸🇾	flag: Syria	syria	Flags	🇸🇾	none
🇸🇿	flag: Eswatini	swaziland	Flags	🇸🇿	none
🇹🇦	flag: Tristan da Cunha	tristan_da_cunha	Flags	🇹🇦	none
🇹🇨	flag: Turks & Caicos Islands	turks_caicos_islands	Flags	🇹🇨	none
🇹🇩	flag: Chad	chad	Flags	🇹🇩	none
🇹🇫	flag: French Southern Territories	french_southern_territories	Flags	🇹🇫	none
🇹🇬	flag: Togo	togo	Flags	🇹🇬	none
🇹🇭	flag: Thailand	thailand	Flags	🇹🇭	none
🇹🇯	flag: Tajikistan	tajikistan	Flags	🇹🇯	none
🇹🇰	flag: Tokelau	tokelau	Flags	🇹🇰	none
🇹🇱	flag: Timor-Leste	timor_leste	Flags	🇹🇱	none
🇹🇲	flag: Turkmenistan	turkmenistan	Flags	🇹🇲	none
🇹🇳	flag: Tunisia	tunisia	Flags	🇹🇳	none
🇹🇴	flag: Tonga	tonga	Flags	🇹🇴	none
🇹🇷	flag: Türkiye	tr	Flags	🇹🇷	none
🇹🇹	flag: Trinidad & Tobago	trinidad_tobago	Flags	🇹🇹	none
🇹🇻	flag: Tuvalu	tuvalu	Flags	🇹🇻	none
🇹🇼	flag: Taiwan	taiwan	Flags	🇹🇼	none
🇹🇿	flag: Tanzania	tanzania	Flags	🇹🇿	none
🇺🇦	flag: Ukraine	ukraine	Flags	🇺🇦	none
🇺🇬	flag: Uganda	uganda	Flags	🇺🇬	none
🇺🇲	flag: U.S. Outlying Islands	us_outlying_islands	Flags	🇺🇲	none
🇺🇳	flag: United Nations	united_nations	Flags	🇺🇳	none
🇺🇸	flag: United States	us	Flags	🇺🇸	none
🇺🇾	flag: Uruguay	uruguay	Flags	🇺🇾	none
🇺🇿	flag: Uzbekistan	uzbekistan	Flags	🇺🇿	none
🇻🇦	flag: Vatican City	vatican_city	Flags	🇻🇦	none
🇻🇨	flag: St. Vincent & Grenadines	st_vincent_grenadines	Flags	🇻🇨	none
🇻🇪	flag: Venezuela	venezuela	Flags	🇻🇪	none
🇻🇬	flag: British Virgin Islands	british_virgin_islands	Flags	🇻🇬	none
🇻🇮	flag: U.S. Virgin Islands	us_virgin_islands	Flags	🇻🇮	none
🇻🇳	flag: Vietnam	vietnam	Flags	🇻🇳	none
🇻🇺	flag: Vanuatu	vanuatu	Flags	🇻🇺	none
🇼🇫	flag: Wallis & Futuna	wallis_futuna	Flags	🇼🇫	none
🇼🇸	flag: Samoa	samoa	Flags	🇼🇸	none
🇽🇰	flag: Kosovo	kosovo	Flags	🇽🇰	none
🇾🇪	flag: Yemen	yemen	Flags	🇾🇪	none
🇾🇹	flag: Mayotte	mayotte	Flags	🇾🇹	none
🇿🇦	flag: South Africa	south_africa	Flags	🇿🇦	none
🇿🇲	flag: Zambia	zambia	Flags	🇿🇲	none
🇿🇼	flag: Zimbabwe	zimbabwe	Flags	🇿🇼	none
🏴󠁧󠁢󠁥󠁮󠁧󠁿	flag: England	england	Flags	🏴󠁧󠁢󠁥󠁮󠁧󠁿	none
🏴󠁧󠁢󠁳󠁣󠁴󠁿	flag: Scotland	scotland	Flags	🏴󠁧󠁢󠁳󠁣󠁴󠁿	none
🏴󠁧󠁢󠁷󠁬󠁳󠁿	flag: Wales	wales	Flags	🏴󠁧󠁢󠁷󠁬󠁳󠁿	none
